Rk;Player;Pos;Age;Tm;G;GS;MP;FG;FGA;FG%;3P;3PA;3P%;2P;2PA;2P%;FT;FTA;FT%;ORB;DRB;TRB;AST;STL;BLK;TOV;PF;PTS
1;Steven Adams;C;26;OKC;63;63;1680;61;102;.592;0;1;.333;60;102;.594;25;43;.582;44;81;125;31;11;14;20;26;147
2;Bam Adebayo;PF;22;MIA;72;72;2417;66;118;.557;0;2;.143;65;116;.564;39;57;.691;26;83;109;55;12;14;30;27;171
3;LaMarcus Aldridge;C;34;SAS;53;53;1754;80;163;.493;13;32;.389;68;131;.519;32;39;.827;21;59;80;26;7;18;15;26;205
4;Kyle Alexander;C;23;MIA;2;0;13;28;55;.500;0;0;;28;55;.500;0;0;;55;28;83;0;0;0;28;28;55
5;Nickeil Alexander-Walker;SG;21;NOP;47;1;591;60;162;.368;28;81;.346;32;81;.391;15;23;.676;5;46;51;54;10;5;33;35;163
6;Grayson Allen;SG;24;MEM;38;0;718;59;126;.466;29;71;.404;30;55;.545;20;23;.867;4;39;43;26;5;1;17;27;165
7;Jarrett Allen;C;21;BRK;70;64;1852;59;90;.649;0;1;.000;59;89;.658;33;52;.633;42;88;130;21;8;18;15;31;151
8;Kadeem Allen;PG;27;NYK;10;0;117;58;135;.432;15;49;.313;43;86;.500;22;34;.636;6;22;28;65;15;6;25;22;154
9;Al-Farouq Aminu;PF;29;ORL;18;2;380;24;81;.291;9;34;.250;15;47;.320;18;27;.655;23;60;82;20;17;8;16;26;74
10;Justin Anderson;SG;26;BRK;10;1;107;34;128;.263;20;98;.207;13;30;.444;7;13;.500;3;67;71;27;0;20;13;44;94
11;Kyle Anderson;SF;26;MEM;67;28;1330;42;90;.474;6;23;.282;36;67;.541;14;21;.667;16;61;77;44;15;10;18;30;106
12;Ryan Anderson;C;31;HOU;2;0;14;51;180;.286;26;129;.200;26;51;.500;0;0;;0;180;180;51;26;0;26;26;129
13;Giannis Antetokounmpo;PF;25;MIL;63;63;1917;129;232;.553;17;55;.304;112;177;.631;75;118;.633;26;134;161;66;11;12;43;37;349
14;Kostas Antetokounmpo;PF;22;LAL;5;0;20;54;54;1.000;0;0;;54;54;1.000;18;36;.500;36;18;54;36;0;0;18;36;126
15;Thanasis Antetokounmpo;SF;27;MIL;20;2;129;67;134;.500;0;28;.000;67;106;.632;20;47;.412;33;33;67;42;20;6;33;50;153
16;Carmelo Anthony;PF;35;POR;58;58;1902;64;148;.430;16;43;.385;47;105;.448;26;30;.845;13;56;70;16;9;5;19;32;169
17;OG Anunoby;SF;22;TOR;69;68;2066;50;99;.505;16;40;.390;34;59;.583;13;18;.706;14;49;63;19;17;8;14;29;128
18;Ryan Arcidiacono;PG;25;CHI;58;4;930;35;85;.409;21;53;.391;14;32;.439;10;15;.711;8;35;43;37;10;1;14;37;101
19;Trevor Ariza;SF;34;TOT;53;21;1493;34;78;.438;19;50;.372;16;28;.556;15;18;.838;8;51;59;22;17;4;14;27;102
19;Trevor Ariza;SF;34;SAC;32;0;791;29;75;.388;20;56;.352;10;20;.488;10;12;.778;10;57;66;23;16;3;13;29;87
19;Trevor Ariza;SF;34;POR;21;21;702;40;82;.491;17;44;.400;23;38;.595;21;24;.872;7;45;51;21;17;4;14;25;118
20;D.J. Augustin;PG;32;ORL;57;13;1420;47;117;.399;18;51;.348;29;66;.438;41;46;.890;6;25;31;66;9;0;22;18;152
21;Deandre Ayton;C;21;PHO;38;32;1236;90;165;.546;1;4;.231;89;162;.553;20;26;.753;43;84;127;21;8;17;23;34;201
22;Dwayne Bacon;SG;24;CHO;39;11;687;45;128;.348;10;35;.284;35;93;.373;18;28;.660;8;45;52;27;12;1;19;27;117
23;Marvin Bagley III;C;20;SAC;13;6;334;84;180;.467;4;24;.182;80;156;.510;27;33;.806;31;73;105;11;6;13;19;46;199
24;Lonzo Ball;PG;22;NOP;63;54;2025;49;122;.403;26;70;.375;23;52;.442;8;14;.566;13;55;68;78;16;7;34;23;132
25;Mo Bamba;C;21;ORL;62;0;878;54;117;.462;15;44;.346;39;73;.531;13;19;.674;41;83;124;17;9;35;17;48;136
26;J.J. Barea;PG;35;DAL;29;6;450;68;166;.411;26;68;.376;42;98;.434;16;18;.909;8;34;42;90;4;2;30;22;178
27;Harrison Barnes;PF;27;SAC;72;72;2482;53;115;.460;15;39;.381;38;76;.501;31;39;.801;11;40;51;23;6;2;13;13;152
28;RJ Barrett;SG;19;NYK;56;55;1704;62;154;.402;13;42;.320;48;112;.432;33;54;.614;11;48;59;30;12;4;26;26;170
29;Will Barton;SF;29;DEN;58;58;1916;62;139;.450;20;54;.375;42;85;.498;19;25;.767;14;54;69;40;11;5;17;23;164
30;Keita Bates-Diop;PF-SF;24;TOT;44;0;744;48;113;.427;16;50;.330;32;63;.504;26;36;.720;12;49;61;15;9;12;8;21;139
30;Keita Bates-Diop;PF;24;MIN;37;0;646;48;115;.422;17;52;.330;31;62;.500;26;36;.708;12;50;61;17;9;11;8;20;140
30;Keita Bates-Diop;SF;24;DEN;7;0;98;48;103;.464;11;33;.333;37;70;.526;29;37;.800;15;48;62;0;7;15;11;26;136
31;Nicolas Batum;SF;31;CHO;22;3;505;20;58;.346;10;35;.286;10;23;.438;6;7;.900;18;53;71;47;12;6;16;29;56
32;Aron Baynes;C;33;PHO;42;28;934;71;147;.480;23;65;.351;48;82;.582;22;29;.747;27;64;91;26;4;9;19;54;185
33;Kent Bazemore;SF;30;TOT;68;21;1688;43;114;.375;18;52;.344;25;62;.400;24;31;.769;6;57;63;20;16;9;19;42;127
33;Kent Bazemore;SF;30;POR;43;21;1111;37;106;.347;18;55;.327;18;50;.368;19;23;.806;4;52;56;20;15;10;19;39;110
33;Kent Bazemore;SF;30;SAC;25;0;577;54;130;.418;17;46;.384;37;84;.437;34;47;.733;9;67;76;20;18;6;19;47;160
34;Darius Bazley;PF;19;OKC;61;9;1130;40;101;.394;16;45;.348;24;56;.432;14;20;.694;10;69;78;13;7;13;14;18;109
35;Bradley Beal;SG;26;WAS;57;57;2053;104;228;.455;30;84;.353;74;144;.515;68;80;.842;9;33;42;61;12;4;34;22;305
36;Malik Beasley;SG;23;TOT;55;14;1209;68;159;.425;32;82;.388;36;77;.465;16;20;.818;5;39;44;22;12;2;17;23;183
36;Malik Beasley;SG;23;DEN;41;0;746;56;145;.389;28;78;.360;28;68;.421;16;18;.868;4;33;37;23;15;3;17;24;157
36;Malik Beasley;SG;23;MIN;14;14;463;86;181;.472;38;89;.426;47;92;.517;16;22;.750;7;48;55;21;7;2;16;21;225
37;Marco Belinelli;SG;33;SAS;57;0;883;50;128;.392;27;73;.376;23;55;.412;20;24;.828;3;38;40;28;5;0;8;18;147
38;Jordan Bell;C;25;TOT;29;0;256;49;94;.522;6;17;.333;44;77;.564;27;44;.613;42;72;114;23;4;14;30;27;131
38;Jordan Bell;C;25;MIN;27;0;235;49;92;.533;3;14;.222;46;78;.588;26;44;.586;43;77;119;21;3;15;28;26;127
38;Jordan Bell;C;25;MEM;2;0;21;51;120;.429;34;51;.667;17;69;.250;34;34;1.000;34;17;51;34;17;0;51;34;171
39;DeAndre' Bembry;SG;25;ATL;43;4;915;41;90;.456;6;26;.231;35;64;.546;10;19;.542;13;46;60;32;22;7;24;33;98
40;Dragan Bender;PF-C;22;TOT;16;3;286;52;116;.446;19;54;.349;33;62;.531;13;18;.714;20;72;92;35;5;11;26;53;135
40;Dragan Bender;C;22;MIL;7;0;91;40;83;.476;16;36;.444;24;47;.500;8;12;.667;0;79;79;36;0;20;20;63;103
40;Dragan Bender;PF;22;GSW;9;3;195;57;131;.437;20;63;.324;37;68;.541;15;20;.727;30;68;98;35;7;7;30;48;150
41;Dāvis Bertāns;PF;27;WAS;54;4;1583;60;139;.434;45;107;.424;15;31;.471;24;28;.852;8;48;56;21;8;8;13;32;190
42;Patrick Beverley;PG;31;LAC;51;50;1342;39;91;.431;21;55;.388;18;36;.496;8;13;.660;15;56;71;49;14;7;18;42;109
43;Khem Birch;C;27;ORL;48;24;922;29;56;.510;0;0;.000;29;55;.514;26;39;.653;36;50;86;20;8;9;12;36;83
44;Goga Bitadze;C;20;IND;54;2;471;54;115;.467;6;32;.190;47;83;.574;18;25;.727;19;62;81;18;8;28;21;50;131
45;Bismack Biyombo;C;27;CHO;53;29;1029;53;97;.543;0;0;;53;97;.543;32;53;.603;42;66;108;17;3;17;17;41;137
46;Nemanja Bjelica;PF;31;SAC;72;67;2011;56;117;.481;24;57;.419;32;60;.541;12;15;.821;20;62;82;36;11;7;18;39;149
47;Eric Bledsoe;PG;30;MIL;61;61;1646;73;154;.475;16;47;.344;57;107;.533;37;47;.790;9;52;62;72;12;6;32;28;199
48;Bogdan Bogdanović;SG;27;SAC;61;28;1766;69;156;.440;33;90;.372;35;66;.532;18;24;.741;5;37;42;42;13;3;21;27;188
49;Bojan Bogdanović;SF;30;UTA;63;63;2083;72;162;.447;33;79;.414;40;83;.479;43;48;.903;7;38;45;23;6;1;27;19;220
50;Bol Bol;PF;20;DEN;7;0;87;58;116;.500;17;37;.444;41;79;.526;33;41;.800;21;58;79;25;8;25;41;46;166
51;Jonah Bolden;C;24;TOT;7;0;47;31;84;.364;0;31;.000;31;54;.571;15;31;.500;23;46;69;0;23;15;15;77;77
51;Jonah Bolden;C;24;PHI;4;0;14;51;77;.667;0;26;.000;51;51;1.000;0;51;.000;0;26;26;0;26;0;51;103;103
51;Jonah Bolden;C;24;PHO;3;0;33;22;87;.250;0;33;.000;22;55;.400;22;22;1.000;33;55;87;0;22;22;0;65;65
52;Marques Bolden;C;21;CLE;1;0;3;0;0;;0;0;;0;0;;0;0;;0;240;240;0;120;0;0;120;0
53;Jordan Bone;PG;22;DET;10;0;53;34;136;.250;14;68;.200;20;68;.300;0;0;;0;27;27;54;7;0;14;41;82
54;Isaac Bonga;SF;20;WAS;66;49;1250;34;67;.504;7;20;.352;27;47;.571;20;24;.812;20;43;64;22;13;6;17;45;95
55;Devin Booker;SG;23;PHO;70;70;2512;90;184;.489;20;57;.354;70;127;.549;67;73;.919;4;38;43;65;7;3;38;31;267
56;Chris Boucher;C;27;TOR;62;0;819;62;131;.472;17;52;.322;45;80;.569;40;51;.784;47;75;122;11;10;27;12;50;181
57;Brian Bowen;SF;21;IND;6;1;31;35;116;.300;0;23;.000;35;93;.375;0;0;;12;70;81;0;0;12;12;35;70
58;Ky Bowman;PG;22;GSW;45;12;1015;48;114;.417;12;38;.308;36;76;.472;12;15;.829;9;34;43;46;16;4;25;36;119
59;Avery Bradley;SG;29;LAL;49;44;1186;52;116;.444;19;53;.364;32;64;.510;6;7;.833;5;29;35;19;13;2;14;33;128
60;Tony Bradley;C;22;UTA;58;3;663;68;103;.667;2;2;1.000;67;101;.661;16;25;.652;60;85;145;12;8;18;16;62;155
61;Jarrell Brantley;PF;23;UTA;9;0;96;37;105;.357;11;49;.231;26;56;.467;4;7;.500;7;68;75;41;11;19;26;26;90
62;Ignas Brazdeikis;SF;21;NYK;9;0;53;41;149;.273;7;61;.111;34;88;.385;27;34;.800;14;20;34;27;0;7;14;20;115
63;Corey Brewer;PF;33;SAC;5;0;33;22;44;.500;0;11;.000;22;33;.667;11;33;.333;22;65;87;22;44;0;22;76;55
64;Mikal Bridges;SF;23;PHO;73;32;2042;44;85;.510;12;34;.361;31;51;.610;18;22;.844;12;40;51;23;18;8;13;29;118
65;Miles Bridges;SF;21;CHO;65;64;1995;58;136;.424;18;54;.330;40;82;.486;19;24;.809;16;49;65;21;7;9;17;24;152
66;Oshae Brissett;SF;21;TOR;19;0;135;35;96;.361;8;40;.200;27;56;.476;21;27;.800;24;45;69;19;11;3;19;48;99
67;Ryan Broekhoff;SF;29;DAL;17;1;180;44;118;.373;40;102;.392;4;16;.250;14;16;.875;10;76;86;22;10;8;12;30;142
68;Malcolm Brogdon;PG;27;IND;54;54;1666;70;161;.438;16;50;.326;54;111;.488;36;40;.892;10;47;57;82;8;2;28;21;193
69;Dillon Brooks;SG;24;MEM;73;73;2112;74;182;.407;25;70;.358;49;112;.438;28;35;.808;12;30;41;26;11;5;21;47;201
70;Bruce Brown;PG;23;DET;58;43;1634;44;98;.443;7;21;.344;36;77;.470;19;26;.739;13;47;60;51;14;6;22;36;114
71;Charlie Brown;SG;22;ATL;10;0;40;54;171;.316;27;81;.333;27;90;.300;45;45;1.000;18;18;36;18;18;18;27;27;180
72;Jaylen Brown;SG;23;BOS;57;57;1934;79;165;.481;24;63;.382;55;102;.543;33;45;.724;12;56;68;22;12;4;23;31;216
73;Moses Brown;C;20;POR;9;0;33;44;109;.400;0;0;;44;109;.400;33;87;.375;33;120;153;11;11;11;33;76;120
74;Sterling Brown;SF;24;MIL;52;1;767;45;120;.371;21;64;.324;24;56;.425;15;19;.800;15;71;86;24;14;3;20;25;125
75;Troy Brown Jr.;SF;20;WAS;69;22;1782;55;126;.439;12;36;.341;43;89;.479;22;28;.784;15;62;77;36;17;1;16;27;145
76;Jalen Brunson;PG;23;DAL;57;16;1022;64;137;.466;15;42;.358;49;94;.515;21;26;.813;8;39;47;66;8;1;23;26;164
77;Thomas Bryant;C;22;WAS;46;36;1147;76;131;.581;12;29;.407;65;103;.630;27;36;.741;31;73;104;26;8;15;17;32;191
78;Reggie Bullock;SG;28;NYK;29;19;684;47;118;.402;19;58;.333;28;59;.469;9;11;.810;7;29;36;22;13;2;10;29;123
79;Trey Burke;PG;27;TOT;33;1;520;65;145;.450;22;52;.427;43;93;.463;16;20;.793;11;24;35;57;11;1;15;23;168
79;Trey Burke;PG;27;PHI;25;0;329;65;139;.465;18;42;.421;47;97;.483;14;20;.722;16;22;38;58;8;1;13;23;161
79;Trey Burke;PG;27;DAL;8;1;191;66;155;.427;30;70;.432;36;85;.422;19;21;.909;2;26;28;57;17;2;17;23;181
80;Alec Burks;SF-SG;28;TOT;66;19;1754;66;158;.418;24;62;.385;42;96;.439;48;54;.887;10;48;58;39;13;3;19;26;204
80;Alec Burks;SF;28;GSW;48;18;1390;63;156;.406;22;58;.375;41;98;.424;52;58;.897;10;49;59;39;13;4;20;28;200
80;Alec Burks;SG;28;PHI;18;1;364;76;165;.461;32;76;.416;45;89;.500;34;41;.829;11;45;55;38;12;0;15;21;218
81;Deonte Burton;SF;26;OKC;39;0;356;43;126;.344;10;54;.189;33;73;.458;8;14;.571;7;51;58;17;7;10;19;34;105
82;Jimmy Butler;SF;30;MIA;58;58;1959;63;139;.455;5;22;.244;58;117;.495;80;96;.834;19;51;71;64;19;6;23;15;213
83;Bruno Caboclo;C;24;TOT;30;0;244;56;131;.427;9;49;.182;47;83;.571;12;13;.889;34;55;89;18;22;25;19;46;133
83;Bruno Caboclo;C;24;MEM;22;0;192;52;129;.406;7;47;.160;45;82;.545;4;6;.667;32;51;82;19;19;23;13;43;116
83;Bruno Caboclo;C;24;HOU;8;0;52;69;138;.500;14;55;.250;55;83;.667;42;42;1.000;42;69;111;14;35;35;42;55;194
84;Devontae Cacok;C;23;LAL;1;0;9;120;240;.500;0;0;;120;240;.500;0;0;;80;120;200;40;0;0;0;0;240
85;Kentavious Caldwell-Pope;SG;26;LAL;69;26;1762;48;104;.467;19;49;.385;30;55;.541;16;21;.775;8;21;29;23;12;3;13;26;132
86;Vlatko Čančar;PF;22;DEN;14;0;45;48;120;.400;8;48;.167;40;72;.556;32;32;1.000;40;40;80;24;8;8;24;56;136
87;Clint Capela;C;25;HOU;39;39;1279;69;109;.629;0;0;;69;109;.629;15;29;.529;47;104;151;14;9;20;18;29;153
88;DeMarre Carroll;SF-C;33;TOT;24;0;290;31;82;.379;10;41;.242;21;41;.515;36;52;.690;15;53;68;31;10;6;21;40;108
88;DeMarre Carroll;SF;33;SAS;15;0;135;24;77;.310;8;35;.231;16;43;.375;32;53;.600;19;64;83;29;5;5;27;53;88
88;DeMarre Carroll;C;33;HOU;9;0;155;37;86;.432;12;46;.250;26;39;.647;39;51;.773;12;44;56;33;14;7;16;28;125
89;Jevon Carter;PG;24;PHO;58;2;945;38;93;.416;24;56;.425;15;37;.402;9;10;.852;11;34;45;32;18;6;12;33;109
90;Vince Carter;PF;43;ATL;60;0;876;44;125;.352;25;83;.302;19;42;.451;9;12;.793;7;44;51;20;9;10;14;37;122
91;Wendell Carter Jr.;C;20;CHI;43;43;1256;52;98;.534;2;8;.207;51;90;.564;32;44;.737;40;76;116;15;9;10;21;46;139
92;Michael Carter-Williams;SG;28;ORL;45;0;833;48;112;.427;10;32;.293;38;80;.481;34;41;.832;20;44;64;47;21;10;22;38;140
93;Alex Caruso;PG;25;LAL;64;2;1175;37;89;.412;12;37;.333;25;52;.468;21;29;.734;5;32;38;38;21;6;16;30;107
94;Willie Cauley-Stein;C;26;TOT;54;39;1097;57;99;.579;0;0;.000;57;99;.581;13;22;.606;28;76;103;23;16;20;13;40;128
94;Willie Cauley-Stein;C;26;GSW;41;37;940;55;98;.560;0;0;;55;98;.560;13;22;.614;27;70;98;23;17;19;13;39;124
94;Willie Cauley-Stein;C;26;DAL;13;2;157;71;103;.689;0;2;.000;71;101;.705;11;21;.556;30;108;138;23;9;25;11;44;154
95;Tyson Chandler;C;37;HOU;26;5;219;23;30;.778;0;0;;23;30;.778;10;21;.462;41;67;108;10;10;13;13;53;56
96;Wilson Chandler;PF;32;BRK;35;3;734;36;90;.404;18;59;.306;18;30;.597;10;11;.870;5;66;71;19;8;6;17;39;101
97;Joe Chealey;PG;24;CHO;4;0;33;0;76;.000;0;44;.000;0;33;.000;22;22;1.000;0;0;0;11;44;0;22;22;22
98;Zylan Cheatham;PF;24;NOP;4;0;51;42;64;.667;0;7;.000;42;56;.750;0;0;;21;42;64;21;7;7;28;71;85
99;Chris Chiozza;PG;24;TOT;28;2;401;49;126;.393;24;65;.375;25;61;.412;4;4;1.000;8;40;48;75;19;4;29;33;127
99;Chris Chiozza;PG;24;WAS;10;0;123;29;100;.294;20;47;.438;9;53;.167;0;0;;0;44;44;82;29;6;26;35;79
99;Chris Chiozza;PG;24;BRK;18;2;278;58;137;.425;26;73;.357;32;65;.500;6;6;1.000;12;38;49;71;14;3;30;32;149
100;Marquese Chriss;PF;22;GSW;59;21;1196;63;116;.545;2;12;.205;61;104;.584;36;47;.769;34;76;110;34;12;19;23;37;165
101;Gary Clark;SF-PF;25;TOT;42;5;567;34;84;.406;25;70;.351;10;14;.682;6;6;.900;23;46;70;11;4;14;6;29;99
101;Gary Clark;PF;25;HOU;18;0;212;39;100;.390;31;87;.353;8;14;.625;10;12;.857;19;49;68;20;3;12;3;36;119
101;Gary Clark;SF;25;ORL;24;5;355;31;75;.419;21;61;.350;10;14;.714;3;3;1.000;26;45;71;5;4;15;8;25;87
102;Brandon Clarke;PF;23;MEM;58;4;1300;82;133;.618;6;18;.359;76;115;.658;24;31;.759;25;70;96;22;9;13;15;28;194
103;Jordan Clarkson;SG;27;TOT;71;2;1705;83;183;.454;32;87;.368;51;96;.533;29;35;.836;11;29;39;29;10;3;20;23;228
103;Jordan Clarkson;SG;27;CLE;29;0;666;78;176;.442;32;86;.371;46;90;.509;41;46;.884;11;26;37;38;9;4;21;18;229
103;Jordan Clarkson;SG;27;UTA;42;2;1039;87;187;.462;32;88;.366;54;99;.547;21;27;.785;10;31;41;23;10;3;20;26;227
104;Nicolas Claxton;C;20;BRK;15;0;187;52;92;.563;2;13;.143;50;79;.634;21;40;.524;37;48;85;31;2;15;17;27;127
105;Chris Clemons;SG;22;HOU;33;0;291;71;176;.401;46;132;.346;25;43;.571;12;14;.909;5;32;37;33;11;7;24;32;199
106;Antonius Cleveland;SG;25;DAL;11;0;46;31;110;.286;0;23;.000;31;86;.364;23;39;.600;16;39;55;8;8;23;16;63;86
107;Amir Coffey;SG;22;LAC;18;1;159;52;122;.426;14;43;.316;38;79;.486;14;25;.545;9;27;36;32;11;5;18;45;131
108;John Collins;PF;22;ATL;41;41;1363;93;160;.583;16;39;.401;78;121;.642;32;40;.800;31;79;110;16;8;17;20;36;234
109;Zach Collins;PF;22;POR;11;11;290;40;84;.471;9;24;.368;31;61;.510;7;10;.750;31;55;86;20;6;6;17;45;96
110;Mike Conley;PG;32;UTA;47;41;1363;61;150;.409;25;68;.375;36;82;.437;30;37;.827;9;31;40;55;10;1;24;27;178
111;Pat Connaughton;SG;27;MIL;67;4;1243;40;87;.455;16;48;.331;24;39;.607;9;12;.775;17;65;82;31;7;9;15;20;104
112;Quinn Cook;PG;26;LAL;44;1;508;64;152;.425;22;60;.365;43;91;.465;8;10;.786;8;28;36;35;9;1;23;19;159
113;Tyler Cook;PF-SF;22;TOT;13;0;54;53;80;.667;0;0;;53;80;.667;47;53;.875;40;53;93;7;20;0;20;33;153
113;Tyler Cook;PF;22;CLE;11;0;35;72;103;.700;0;0;;72;103;.700;51;62;.833;41;62;103;10;10;0;10;41;195
113;Tyler Cook;SF;22;DEN;2;0;19;19;38;.500;0;0;;19;38;.500;38;38;1.000;38;38;76;0;38;0;38;19;76
114;Robert Covington;PF-C;29;TOT;70;68;2137;51;122;.422;27;81;.335;24;41;.593;17;21;.798;11;67;78;15;19;16;17;37;147
114;Robert Covington;PF;29;MIN;48;47;1411;55;127;.435;28;80;.346;28;47;.587;19;24;.798;9;64;73;14;20;11;19;38;157
114;Robert Covington;C;29;HOU;22;21;726;44;113;.392;26;83;.315;18;29;.610;12;15;.800;13;74;87;16;17;24;15;36;126
115;Allen Crabbe;SG-SF;27;TOT;37;1;653;35;98;.356;20;66;.303;15;32;.466;6;8;.714;6;36;42;18;8;2;9;26;95
115;Allen Crabbe;SG;27;ATL;28;1;522;36;99;.364;21;64;.323;15;34;.440;6;8;.750;7;38;45;19;10;3;8;25;99
115;Allen Crabbe;SF;27;MIN;9;0;131;30;93;.324;16;71;.231;14;22;.625;3;5;.500;3;30;33;14;0;0;14;30;80
116;Torrey Craig;SF;29;DEN;58;27;1072;42;90;.461;15;46;.326;27;44;.603;7;12;.611;21;42;63;16;8;12;8;45;106
117;Jamal Crawford;SG;39;BRK;1;0;6;120;240;.500;60;120;.500;60;120;.500;0;0;;0;0;0;180;0;0;0;60;300
118;Jae Crowder;SF-PF;29;TOT;65;53;1875;43;108;.401;26;76;.343;17;32;.538;19;24;.776;10;64;74;31;14;5;13;27;131
118;Jae Crowder;SF;29;MEM;45;45;1322;40;109;.368;21;72;.293;19;36;.519;20;26;.789;11;65;75;34;13;4;15;23;122
118;Jae Crowder;PF;29;MIA;20;8;553;51;107;.482;37;83;.445;14;23;.611;14;20;.733;8;62;70;23;16;7;10;38;154
119;Jarrett Culver;SG;20;MIN;63;35;1506;55;136;.404;16;53;.299;39;83;.471;13;28;.462;17;34;51;26;14;9;19;30;139
120;Seth Curry;SG;29;DAL;64;25;1576;65;131;.495;33;73;.452;32;58;.549;18;22;.825;6;27;33;28;9;2;14;26;181
121;Stephen Curry;PG;31;GSW;5;5;139;85;212;.402;31;127;.245;54;85;.636;67;67;1.000;10;57;67;85;13;5;41;28;269
122;Troy Daniels;SG;28;TOT;47;0;532;49;126;.387;31;89;.348;18;37;.481;7;11;.625;8;27;35;12;7;2;8;25;135
122;Troy Daniels;SG;28;LAL;41;0;456;49;125;.392;32;88;.357;17;36;.478;8;13;.625;9;27;36;11;6;2;7;24;137
122;Troy Daniels;SG;28;DEN;6;0;76;47;133;.357;28;95;.300;19;38;.500;0;0;;0;28;28;14;14;0;14;33;123
123;Anthony Davis;PF;26;LAL;62;62;2131;93;185;.503;12;37;.330;81;148;.546;75;89;.846;24;73;97;34;15;24;26;26;273
124;Ed Davis;C;30;UTA;28;1;303;26;55;.478;0;0;;26;55;.478;8;17;.500;42;83;125;14;13;11;15;72;61
125;Terence Davis;SG;22;TOR;72;4;1209;59;130;.456;28;72;.388;31;58;.541;15;18;.864;15;56;71;34;12;4;23;37;162
126;Dewayne Dedmon;C;30;TOT;44;18;774;47;119;.400;10;50;.206;37;69;.541;14;17;.833;28;88;116;10;12;19;27;62;119
126;Dewayne Dedmon;C;30;SAC;34;10;541;46;114;.404;9;47;.197;37;67;.550;15;19;.821;31;81;111;10;10;17;31;62;116
126;Dewayne Dedmon;C;30;ATL;10;8;233;51;130;.393;12;56;.222;39;74;.521;11;12;.875;22;105;127;11;15;23;15;62;125
127;Matthew Dellavedova;PG;29;CLE;57;4;821;27;77;.354;9;40;.231;18;37;.488;14;16;.865;8;25;33;79;9;1;26;34;78
128;DeMar DeRozan;SF;30;SAS;68;68;2316;87;163;.531;1;5;.257;85;158;.540;59;70;.845;7;51;58;59;11;3;25;28;234
129;Cheick Diallo;C;23;PHO;47;2;479;69;107;.648;1;2;.333;68;104;.655;26;29;.872;23;76;98;17;8;9;24;41;165
130;Hamidou Diallo;SF;21;OKC;46;3;896;53;119;.446;6;23;.281;47;96;.485;15;25;.603;18;49;67;14;15;4;20;41;128
131;Gorgui Dieng;C;30;TOT;63;17;1096;55;120;.456;18;50;.355;37;70;.528;26;33;.772;30;86;116;24;17;19;20;41;152
131;Gorgui Dieng;C;30;MIN;46;17;778;57;128;.448;21;56;.383;36;73;.497;22;27;.797;34;85;118;27;17;19;20;41;158
131;Gorgui Dieng;C;30;MEM;17;0;318;48;98;.483;9;36;.250;38;62;.618;35;48;.738;20;91;111;17;16;19;18;40;139
132;Spencer Dinwiddie;PG;26;BRK;64;49;1994;77;184;.415;22;72;.308;54;112;.485;63;81;.778;6;34;40;78;7;4;31;32;238
133;Donte DiVincenzo;SG;23;MIL;66;24;1520;55;121;.455;20;59;.336;35;62;.567;15;20;.733;16;60;75;36;20;5;21;27;144
134;Luka Dončić;PG;20;DAL;61;61;2047;102;221;.463;30;95;.316;72;126;.574;75;99;.758;14;87;101;95;11;2;46;27;309
135;Luguentz Dort;SF;20;OKC;36;28;820;38;96;.394;13;44;.297;25;51;.479;18;23;.792;11;25;36;12;14;2;10;43;107
136;Damyean Dotson;SG;25;NYK;48;0;836;52;125;.414;25;70;.362;26;55;.480;9;14;.667;4;35;39;25;10;2;9;19;138
137;Sekou Doumbouya;PF;19;DET;38;19;754;44;113;.390;13;47;.286;31;66;.464;15;22;.674;10;47;56;9;10;4;17;38;116
138;PJ Dozier;SG;23;DEN;29;0;412;57;137;.414;15;43;.347;42;94;.444;18;25;.724;9;39;48;55;12;5;24;39;147
139;Goran Dragić;PG;33;MIA;59;3;1663;69;157;.441;27;73;.367;42;84;.505;41;53;.776;6;34;40;65;9;2;31;27;206
140;Andre Drummond;C;26;TOT;57;56;1879;80;150;.533;1;7;.143;79;144;.551;32;56;.575;48;118;166;29;21;18;39;39;194
140;Andre Drummond;C;26;DET;49;48;1654;78;148;.530;0;5;.048;78;143;.546;32;56;.584;49;119;169;30;21;18;38;38;189
140;Andre Drummond;C;26;CLE;8;8;225;93;168;.552;6;22;.286;86;146;.593;32;62;.513;38;104;142;22;19;18;46;40;224
141;Jared Dudley;PF;34;LAL;45;1;364;24;59;.400;18;42;.429;6;18;.333;2;2;1.000;6;45;51;28;15;3;8;41;67
142;Kris Dunn;PG;25;CHI;51;32;1269;43;97;.444;8;32;.259;35;65;.535;11;15;.741;7;46;53;49;29;5;19;45;106
143;Carsen Edwards;SG;21;BOS;37;0;351;43;131;.328;25;78;.316;18;53;.346;13;19;.684;6;42;48;25;12;4;15;35;124
144;Henry Ellenson;C;23;BRK;5;0;15;24;168;.143;0;96;.000;24;72;.333;0;0;;48;96;144;24;0;0;0;24;48
145;Wayne Ellington;SG;32;NYK;36;1;558;39;112;.351;32;92;.350;7;20;.355;7;8;.846;3;39;42;28;8;3;12;26;118
146;Joel Embiid;C;25;PHI;51;51;1506;91;191;.477;14;41;.331;78;150;.517;84;104;.807;34;108;142;36;11;16;38;42;280
147;James Ennis;SF-SG;29;TOT;69;18;1265;46;102;.446;16;48;.325;30;54;.553;22;28;.806;20;50;70;18;10;6;17;39;129
147;James Ennis;SF;29;PHI;49;0;776;46;105;.442;17;49;.349;29;56;.525;22;28;.787;22;47;70;19;11;6;14;39;132
147;James Ennis;SG;29;ORL;20;18;489;44;98;.451;13;46;.286;31;52;.600;23;27;.838;17;53;70;16;9;6;20;38;124
148;Drew Eubanks;C;22;SAS;22;3;272;57;89;.642;1;1;1.000;56;87;.636;26;34;.769;37;75;113;20;7;23;28;49;142
149;Jacob Evans;SG;22;TOT;29;1;418;39;115;.336;11;34;.333;28;82;.337;22;25;.862;8;28;35;27;9;10;22;35;110
149;Jacob Evans;SG;22;GSW;27;1;414;39;116;.338;11;33;.342;28;83;.337;22;25;.862;8;28;36;27;10;10;22;36;111
149;Jacob Evans;SG;22;MIN;2;0;4;0;90;.000;0;90;.000;0;0;;0;0;;0;0;0;0;0;0;0;0;0
150;Dante Exum;SG;24;TOT;35;1;485;42;88;.471;11;32;.349;30;56;.539;24;32;.744;9;41;50;30;10;6;23;28;118
150;Dante Exum;SG;24;UTA;11;0;83;43;100;.435;9;26;.333;35;74;.471;9;9;1.000;13;39;52;30;4;9;43;35;104
150;Dante Exum;SG;24;CLE;24;1;402;41;86;.479;12;33;.351;30;53;.559;27;37;.732;8;41;49;30;11;5;19;27;121
151;Tacko Fall;C;24;BOS;7;0;33;120;153;.786;0;0;;120;153;.786;11;33;.333;11;153;164;11;11;44;33;76;251
152;Derrick Favors;C;28;NOP;51;49;1243;61;98;.617;0;2;.143;60;96;.627;12;21;.563;47;98;145;23;9;13;16;31;133
153;Cristiano Felício;C;27;CHI;22;0;386;32;50;.630;0;2;.000;32;48;.654;17;21;.783;51;44;95;15;9;2;17;32;80
154;Terrance Ferguson;SF;21;OKC;56;38;1257;22;63;.355;14;48;.292;8;15;.558;4;6;.750;7;15;21;15;8;5;9;44;63
155;Bruno Fernando;C;21;ATL;56;13;713;52;100;.518;3;19;.135;49;82;.605;15;26;.569;34;66;100;25;9;9;21;54;121
156;Yogi Ferrell;PG;26;SAC;50;0;530;54;128;.420;16;54;.304;37;74;.505;24;29;.857;4;29;33;47;12;3;19;26;148
157;Dorian Finney-Smith;PF;26;DAL;71;68;2120;41;89;.466;19;51;.376;22;37;.589;13;18;.722;25;44;69;19;8;7;12;30;115
158;Bryn Forbes;SG;26;SAS;63;62;1579;55;132;.417;34;87;.388;21;46;.470;17;21;.833;3;26;29;25;8;0;13;26;161
159;Evan Fournier;SF;27;ORL;66;66;2076;75;161;.467;30;75;.399;45;86;.527;31;38;.818;3;27;30;36;12;3;22;28;212
160;De'Aaron Fox;PG;22;SAC;51;49;1634;86;180;.480;12;41;.292;74;139;.535;53;75;.705;8;35;43;77;16;6;35;32;237
161;Melvin Frazier;SG;23;ORL;19;0;126;43;97;.441;23;46;.500;20;51;.389;6;11;.500;6;23;29;9;26;6;14;31;114
162;Michael Frazier;SG;25;HOU;13;0;145;17;72;.241;10;57;.174;7;15;.500;22;35;.643;2;22;25;5;5;0;12;55;67
163;Tim Frazier;PG;29;DET;27;11;355;34;95;.362;10;30;.333;24;65;.375;19;24;.792;9;24;33;94;14;4;37;43;98
164;Markelle Fultz;PG;21;ORL;72;60;1996;65;139;.465;6;24;.267;58;115;.507;21;29;.730;7;36;43;67;16;2;27;26;157
165;Wenyen Gabriel;PF;22;TOT;30;1;235;32;74;.438;9;31;.300;23;43;.536;23;34;.682;32;47;80;12;17;11;25;60;97
165;Wenyen Gabriel;PF;22;SAC;11;0;61;35;100;.353;6;47;.125;30;53;.556;35;59;.600;24;35;59;18;18;12;30;41;112
165;Wenyen Gabriel;PF;22;POR;19;1;174;31;64;.484;10;25;.417;21;39;.526;19;25;.750;35;52;87;10;17;10;23;66;91
166;Daniel Gafford;C;21;CHI;43;7;609;56;79;.701;0;0;;56;79;.701;19;35;.533;31;32;63;12;8;33;17;58;130
167;Danilo Gallinari;PF;31;OKC;62;62;1834;70;160;.438;35;86;.405;35;74;.476;52;58;.893;7;57;63;23;8;1;15;15;228
168;Langston Galloway;SG;28;DET;66;6;1702;50;115;.435;28;70;.399;22;45;.493;15;18;.859;7;25;32;21;10;2;8;20;143
169;Darius Garland;SG;20;CLE;59;59;1824;55;138;.401;21;58;.355;35;80;.434;12;14;.875;5;17;22;45;8;1;30;18;144
170;Marc Gasol;C;35;TOR;44;43;1161;37;87;.427;18;46;.385;19;41;.473;11;15;.735;10;76;85;46;11;12;18;38;103
171;Rudy Gay;PF;33;SAS;67;5;1461;66;147;.446;18;54;.336;47;93;.511;30;34;.882;15;74;89;28;9;8;22;25;179
172;Paul George;SG;29;LAC;48;48;1419;87;198;.439;40;97;.412;47;102;.464;48;55;.876;6;63;69;47;17;5;32;29;262
173;Taj Gibson;C;34;NYK;62;56;1025;59;100;.584;1;5;.286;57;96;.599;14;20;.732;39;55;94;18;9;11;17;43;133
174;Harry Giles;C;21;SAC;46;17;667;75;135;.554;0;1;.000;75;134;.558;21;26;.776;23;78;101;32;12;10;24;64;171
175;Shai Gilgeous-Alexander;SG;21;OKC;70;70;2428;71;150;.471;13;37;.347;58;113;.512;43;53;.807;7;54;61;34;12;7;20;17;197
176;Rudy Gobert;C;27;UTA;68;68;2333;60;86;.693;0;0;;60;86;.693;39;62;.630;35;106;141;16;8;21;20;33;158
177;Brandon Goodwin;PG;24;ATL;34;1;430;64;159;.400;22;73;.299;42;86;.485;23;25;.933;9;51;60;43;10;3;24;36;172
178;Aaron Gordon;PF;24;ORL;62;62;2017;60;137;.437;13;42;.308;47;95;.494;27;40;.674;19;66;85;41;9;7;18;22;160
179;Eric Gordon;SF;31;HOU;36;15;1016;61;164;.369;34;107;.317;27;57;.469;29;38;.766;3;22;25;19;8;5;15;25;184
180;Devonte' Graham;PG;24;CHO;63;53;2211;60;157;.382;35;95;.373;24;62;.397;31;38;.820;7;28;35;77;10;2;29;19;186
181;Treveon Graham;SF;26;TOT;55;20;929;34;94;.360;13;47;.275;21;47;.443;14;22;.643;20;38;58;17;9;2;11;40;94
181;Treveon Graham;SF;26;MIN;33;20;663;34;95;.354;11;45;.241;23;50;.457;15;20;.730;16;39;54;16;9;1;10;36;93
181;Treveon Graham;SF;26;ATL;22;0;266;34;91;.373;18;50;.351;16;41;.400;12;26;.474;30;38;68;20;9;5;14;49;97
182;Jerami Grant;PF;25;DEN;71;24;1892;58;121;.478;19;48;.389;39;73;.537;28;37;.750;11;36;47;17;10;11;12;29;162
183;Jerian Grant;SG;27;WAS;6;0;80;45;122;.370;9;36;.250;36;86;.421;23;32;.714;9;18;27;41;5;5;14;50;122
184;Josh Gray;PG;26;NOP;2;0;23;16;31;.500;0;0;;16;31;.500;0;0;;16;16;31;31;0;0;78;16;31
185;Danny Green;SG;32;LAL;68;68;1687;42;101;.416;26;70;.367;16;31;.524;7;10;.688;11;37;48;19;18;7;13;29;117
186;Draymond Green;PF;29;GSW;43;43;1222;36;93;.389;11;38;.279;26;55;.465;19;24;.759;7;72;78;78;17;10;29;32;102
187;JaMychal Green;PF;29;LAC;63;1;1307;42;97;.429;25;66;.387;16;31;.518;10;13;.750;21;86;107;13;8;7;15;48;118
188;Javonte Green;SG;26;BOS;48;2;468;48;97;.500;7;25;.273;42;72;.581;22;32;.667;18;53;72;20;18;6;18;33;125
189;Jeff Green;PF-C;33;TOT;48;4;960;60;129;.462;23;69;.339;36;60;.602;27;34;.802;9;41;50;19;10;7;16;33;170
189;Jeff Green;PF;33;UTA;30;2;553;49;127;.385;22;68;.327;27;59;.451;32;41;.778;9;44;53;13;8;7;18;30;152
189;Jeff Green;C;33;HOU;18;2;407;74;132;.564;25;70;.354;50;62;.800;21;25;.857;9;37;46;27;12;8;13;38;195
190;Blake Griffin;PF;30;DET;18;18;512;62;176;.352;19;78;.243;43;98;.439;53;69;.776;12;47;59;41;5;5;28;19;196
191;Marko Guduric;SG;24;MEM;44;0;484;46;117;.395;19;62;.301;28;55;.500;18;19;.923;10;44;54;33;9;6;27;25;129
192;Kyle Guy;SG;22;SAC;3;0;10;72;180;.400;0;108;.000;72;72;1.000;0;0;;0;36;36;36;0;0;0;36;144
193;Rui Hachimura;PF;21;WAS;48;48;1444;63;136;.466;6;22;.287;57;114;.500;29;35;.829;19;54;73;22;9;2;13;26;162
194;Devon Hall;PG;24;OKC;11;0;81;27;133;.200;18;76;.235;9;58;.154;18;36;.500;9;22;31;58;18;4;22;27;89
195;Donta Hall;C-PF;22;TOT;9;0;133;41;60;.682;0;0;;41;60;.682;24;49;.500;38;65;103;11;8;16;14;62;106
195;Donta Hall;PF;22;DET;4;0;48;7;30;.250;0;0;;7;30;.250;30;45;.667;45;68;113;15;7;7;15;68;45
195;Donta Hall;C;22;BRK;5;0;85;59;76;.778;0;0;;59;76;.778;21;51;.417;34;64;97;8;8;21;13;59;140
196;Dusty Hannahs;SG;26;MEM;2;0;13;111;249;.444;55;83;.667;55;166;.333;55;55;1.000;0;28;28;0;0;0;0;28;332
197;Tim Hardaway Jr.;SG;27;DAL;71;58;2091;66;152;.434;35;88;.398;31;64;.485;26;31;.819;4;36;40;24;7;1;12;22;193
198;James Harden;SG;30;HOU;68;68;2483;97;220;.444;43;122;.355;54;97;.556;100;116;.865;10;55;65;74;18;9;45;33;339
199;Maurice Harkless;PF-SF;26;TOT;62;48;1427;36;71;.502;9;25;.347;27;47;.584;10;17;.591;14;47;61;17;15;8;13;37;90
199;Maurice Harkless;PF;26;LAC;50;38;1141;35;68;.516;9;23;.370;27;45;.590;8;13;.571;15;48;63;15;15;9;15;38;87
199;Maurice Harkless;SF;26;NYK;12;10;286;38;83;.455;9;31;.280;29;52;.561;19;30;.625;10;40;50;25;11;4;9;35;103
200;Jared Harper;PG;22;PHO;3;0;8;45;180;.250;0;90;.000;45;90;.500;0;0;;0;0;0;0;0;0;0;0;90
201;Montrezl Harrell;C;26;LAC;63;2;1749;97;167;.580;0;4;.000;97;163;.593;48;72;.658;34;58;92;22;8;15;22;30;241
202;Gary Harris;SG;25;DEN;56;55;1780;44;105;.420;14;42;.333;30;62;.479;15;19;.815;5;28;33;24;15;3;12;23;118
203;Joe Harris;SF;28;BRK;69;69;2123;65;133;.486;29;69;.424;35;64;.553;11;15;.719;11;40;51;24;7;3;18;27;169
204;Tobias Harris;PF;27;PHI;72;72;2469;81;171;.471;19;52;.367;62;119;.517;25;31;.806;10;62;72;33;8;6;15;24;206
205;Shaquille Harrison;SG;26;CHI;43;10;484;57;123;.467;12;31;.381;45;91;.496;29;37;.780;16;48;64;36;25;14;14;41;155
206;Josh Hart;SF;24;NOP;65;16;1755;46;109;.423;25;73;.342;21;37;.584;17;24;.739;13;75;87;22;13;5;15;33;135
207;Isaiah Hartenstein;C;21;HOU;23;2;266;60;91;.657;0;7;.000;60;84;.710;26;38;.679;39;83;122;24;12;16;22;55;145
208;Udonis Haslem;C;39;MIA;4;1;44;33;90;.364;8;25;.333;25;65;.375;25;33;.750;8;123;131;8;0;0;8;49;98
209;Jaxson Hayes;C;19;NOP;64;14;1080;58;86;.672;0;1;.250;58;85;.678;41;63;.647;32;54;86;19;9;18;18;54;157
210;Gordon Hayward;SF;29;BOS;52;52;1740;72;145;.500;18;46;.383;55;99;.554;26;30;.855;11;61;72;44;8;5;20;20;188
211;John Henson;C;29;TOT;40;8;600;57;103;.556;5;22;.222;52;81;.644;14;28;.500;28;70;97;32;14;25;22;47;133
211;John Henson;C;29;CLE;29;2;412;53;105;.508;5;27;.194;48;78;.618;15;29;.515;28;72;100;38;14;28;18;48;127
211;John Henson;C;29;DET;11;6;188;65;98;.667;4;10;.400;61;88;.696;11;25;.462;27;65;92;21;15;19;29;44;146
212;Dewan Hernandez;C;23;TOR;6;0;28;64;180;.357;13;26;.500;51;154;.333;39;64;.600;64;116;180;39;13;0;39;77;180
213;Juan Hernangómez;PF;24;TOT;48;14;833;43;107;.405;19;56;.341;24;51;.475;19;31;.620;19;67;85;17;8;4;14;28;124
213;Juan Hernangómez;PF;24;DEN;34;0;422;32;94;.345;13;51;.250;20;43;.460;14;21;.640;20;61;81;19;4;4;15;25;91
213;Juan Hernangómez;PF;24;MIN;14;14;411;54;120;.453;25;60;.420;29;60;.485;25;40;.609;17;73;89;16;12;4;12;31;159
214;Willy Hernangómez;C;25;CHO;31;0;375;71;133;.532;5;21;.227;66;112;.590;36;57;.627;41;87;129;28;10;7;29;31;182
215;Tyler Herro;SG;20;MIA;55;8;1508;64;151;.428;28;71;.389;37;79;.462;21;24;.870;4;50;53;29;8;2;21;18;177
216;Kevin Hervey;PF;23;OKC;10;0;52;48;187;.259;21;138;.150;28;48;.571;0;0;;7;76;83;35;7;7;0;28;118
217;Mario Hezonja;PF;24;POR;53;4;871;38;90;.422;10;32;.308;28;58;.486;20;24;.814;12;64;76;21;15;4;17;44;106
218;Buddy Hield;SG;27;SAC;72;44;2216;81;189;.429;44;112;.394;37;77;.479;19;22;.846;9;44;53;35;11;3;27;27;225
219;George Hill;PG;33;MIL;59;2;1271;55;106;.516;23;50;.460;32;57;.565;24;29;.842;14;36;50;51;13;1;16;24;157
220;Solomon Hill;PF;28;TOT;59;4;1088;36;92;.396;21;57;.368;16;35;.439;13;18;.741;10;45;55;34;14;4;17;28;107
220;Solomon Hill;PF;28;MEM;48;3;901;38;93;.412;22;59;.381;16;34;.465;10;15;.684;10;48;58;38;12;3;16;29;109
220;Solomon Hill;PF;28;MIA;11;1;187;27;87;.311;13;46;.292;13;40;.333;27;31;.875;10;31;40;19;23;10;21;23;94
221;Jaylen Hoard;PF;20;POR;13;0;103;52;112;.469;0;10;.000;52;101;.517;28;45;.615;49;63;112;14;17;0;14;42;133
222;Aaron Holiday;PG;23;IND;66;33;1617;52;125;.414;19;49;.394;33;76;.427;16;19;.851;5;30;35;50;12;4;20;27;140
223;Jrue Holiday;SG;29;NOP;61;61;2117;78;171;.455;21;59;.353;57;112;.509;22;31;.709;13;37;50;69;17;8;31;25;198
224;Justin Holiday;SF;30;IND;73;6;1826;41;96;.428;26;65;.405;15;31;.477;10;13;.791;6;41;47;18;17;9;9;27;119
225;Rondae Hollis-Jefferson;PF;25;TOR;60;6;1122;50;106;.471;1;7;.130;49;98;.497;34;46;.734;35;56;91;34;15;7;19;37;134
226;Richaun Holmes;C;26;SAC;44;38;1242;65;100;.648;0;0;;65;100;.648;27;34;.788;37;67;104;12;12;16;15;49;156
227;Rodney Hood;SF;27;POR;21;21;619;51;100;.506;20;41;.493;30;59;.515;12;16;.778;6;36;42;19;10;2;11;27;134
228;Al Horford;C;33;PHI;67;61;2025;57;126;.450;18;50;.350;39;76;.516;11;14;.763;18;63;81;48;9;11;14;25;142
229;Talen Horton-Tucker;SG;19;LAL;6;1;81;62;133;.467;18;58;.308;44;76;.588;9;18;.500;9;22;31;27;36;4;27;44;151
230;Danuel House;SF;26;HOU;63;52;1913;43;101;.427;24;67;.363;19;35;.549;14;17;.811;11;40;50;16;13;6;10;25;125
231;Dwight Howard;C;34;LAL;69;2;1306;56;76;.729;1;1;.600;55;75;.732;30;59;.514;47;92;140;12;9;22;23;61;143
232;William Howard;PF;26;HOU;2;0;13;0;111;.000;0;111;.000;0;0;;0;0;;0;55;55;28;0;0;28;28;0
233;Kevin Huerter;SG;21;ATL;56;48;1760;52;125;.413;26;68;.380;26;56;.453;11;13;.828;7;39;47;44;10;6;18;28;140
234;De'Andre Hunter;SF;22;ATL;63;62;2018;50;122;.410;19;54;.355;31;68;.454;20;26;.764;8;43;51;20;8;3;18;32;139
235;Chandler Hutchison;SF;23;CHI;28;10;527;55;120;.457;8;26;.316;46;94;.496;31;53;.590;12;61;74;18;18;5;18;32;149
236;Serge Ibaka;C;30;TOR;55;27;1485;83;162;.512;17;44;.385;66;118;.559;22;30;.718;28;82;110;19;7;11;26;37;205
237;Andre Iguodala;SF;36;MIA;21;0;418;33;76;.432;12;40;.298;21;35;.585;5;13;.400;15;53;67;44;12;18;22;30;83
238;Ersan İlyasova;PF;32;MIL;63;8;986;53;114;.466;18;50;.365;35;64;.545;26;32;.828;23;88;110;18;9;6;12;35;151
239;Joe Ingles;PF;32;UTA;72;45;2137;41;93;.445;24;59;.399;18;34;.525;12;16;.787;5;42;47;63;11;2;24;26;119
240;Brandon Ingram;PF;22;NOP;62;62;2104;87;188;.463;26;66;.391;61;122;.501;54;63;.851;9;56;65;44;10;7;32;31;253
241;Kyrie Irving;PG;27;BRK;20;20;658;109;228;.478;31;78;.394;78;150;.522;51;56;.922;12;44;56;70;15;5;28;29;300
242;Jonathan Isaac;PF;22;ORL;34;32;980;57;122;.470;12;35;.340;46;87;.521;22;28;.779;21;64;85;18;19;29;18;30;148
243;Wesley Iwundu;SF;25;ORL;52;21;953;37;88;.416;11;31;.341;26;57;.457;29;37;.804;9;40;49;23;9;5;10;30;113
244;Frank Jackson;PG;21;NOP;59;2;797;61;150;.405;21;65;.326;39;84;.465;25;34;.747;10;28;37;28;8;2;22;35;168
245;Jaren Jackson Jr.;C;20;MEM;57;57;1622;78;167;.469;32;82;.394;46;85;.540;31;41;.747;12;46;58;17;9;20;22;51;220
246;Josh Jackson;SF;22;MEM;22;0;381;66;150;.440;22;68;.319;44;82;.540;33;47;.700;10;52;62;33;17;9;26;38;187
247;Justin Jackson;PF;24;DAL;65;3;1045;47;117;.396;17;56;.294;30;61;.489;14;17;.840;9;44;53;18;5;3;5;24;124
248;Reggie Jackson;SG-PG;29;TOT;31;16;743;65;158;.411;28;70;.393;37;88;.425;22;26;.833;8;36;45;61;6;2;25;29;179
248;Reggie Jackson;PG;29;DET;14;10;381;72;187;.384;29;77;.378;43;110;.388;25;31;.788;10;28;39;68;8;1;22;20;197
248;Reggie Jackson;SG;29;LAC;17;6;362;58;127;.453;26;63;.413;32;65;.492;19;21;.905;6;45;51;54;5;4;28;38;160
249;Justin James;SF;23;SAC;36;0;232;54;130;.417;14;45;.310;40;85;.473;16;33;.476;9;40;50;28;9;14;12;26;138
250;LeBron James;PG;35;LAL;67;67;2316;100;203;.493;23;66;.348;77;136;.564;41;59;.693;10;71;82;106;12;6;41;18;264
251;Amile Jefferson;PF;26;ORL;18;0;74;24;68;.357;0;0;;24;68;.357;24;68;.357;49;63;112;19;5;15;15;34;73
252;DaQuan Jeffries;SG;22;SAC;13;0;141;51;102;.500;13;46;.278;38;56;.682;13;15;.833;8;38;46;18;10;3;5;49;128
253;Ty Jerome;SG;22;PHO;31;0;328;42;124;.336;15;55;.280;26;69;.381;13;18;.750;8;43;50;48;16;3;20;32;112
254;Alize Johnson;PF;23;IND;17;1;118;37;88;.414;9;24;.375;27;64;.429;21;31;.700;49;98;146;21;9;6;21;37;104
255;B.J. Johnson;SF;24;ORL;10;0;83;39;139;.281;13;39;.333;26;100;.261;39;43;.900;13;52;65;13;13;0;26;13;130
256;Cameron Johnson;PF;23;PHO;57;9;1255;50;116;.435;30;78;.390;20;38;.526;13;16;.807;14;40;54;20;10;6;9;25;145
257;James Johnson;PF-C;32;TOT;32;1;619;60;125;.479;19;53;.363;41;72;.565;18;28;.646;15;54;69;43;15;19;28;47;157
257;James Johnson;PF;32;MIA;18;0;281;50;111;.448;20;58;.356;29;54;.548;10;18;.571;10;56;67;27;8;17;19;44;131
257;James Johnson;C;32;MIN;14;1;338;68;136;.500;18;49;.370;50;87;.573;24;36;.676;18;52;70;56;20;20;35;49;179
258;Keldon Johnson;SF;20;SAS;17;1;301;63;106;.596;16;26;.591;48;80;.597;42;53;.795;12;56;68;18;17;2;16;33;184
259;Stanley Johnson;PF;23;TOR;25;0;150;53;142;.373;17;58;.292;36;84;.429;22;38;.563;17;72;89;48;14;10;36;38;144
260;Tyler Johnson;PG-SG;27;TOT;39;7;709;49;127;.388;19;60;.319;30;67;.450;21;25;.840;9;29;39;38;8;5;15;29;139
260;Tyler Johnson;PG;27;PHO;31;3;515;45;120;.380;17;58;.289;29;62;.466;17;22;.750;7;29;36;35;8;6;17;30;124
260;Tyler Johnson;SG;27;BRK;8;4;194;59;147;.405;26;67;.389;33;80;.419;33;33;1.000;15;30;45;45;7;2;9;28;178
261;Nikola Jokić;C;24;DEN;73;73;2336;87;165;.528;12;39;.314;75;126;.594;38;46;.817;26;84;110;79;13;7;35;34;224
262;Damian Jones;C;24;ATL;55;27;887;49;72;.680;1;4;.222;48;69;.704;25;34;.738;30;54;84;14;11;16;11;60;124
263;Derrick Jones Jr.;SF;22;MIA;59;16;1375;48;91;.527;10;35;.280;38;57;.677;25;32;.772;17;44;61;16;15;10;8;34;131
264;Tyus Jones;PG;23;MEM;65;6;1232;58;125;.459;14;36;.379;44;89;.492;13;17;.741;3;27;30;83;17;2;16;13;141
265;DeAndre Jordan;C;31;BRK;56;6;1234;56;84;.666;0;0;;56;84;.666;24;36;.680;41;123;164;31;5;15;22;33;136
266;Cory Joseph;PG;28;SAC;72;26;1759;35;84;.415;11;33;.352;24;52;.455;12;14;.857;9;29;38;51;11;4;16;27;94
267;Mfiondu Kabengele;C;22;LAC;12;0;64;79;180;.438;51;113;.450;28;68;.417;28;28;1.000;6;56;62;11;11;11;11;51;236
268;Frank Kaminsky;C;26;PHO;39;13;777;64;142;.450;19;57;.331;45;85;.530;28;42;.678;16;65;82;35;6;5;17;35;175
269;Enes Kanter;C;27;BOS;58;7;983;73;127;.572;0;3;.143;73;125;.581;26;36;.707;60;98;158;21;8;15;21;37;172
270;Luke Kennard;SG;23;DET;28;25;922;59;134;.442;29;71;.399;30;62;.491;26;29;.893;4;35;38;45;5;2;17;25;173
271;Stanton Kidd;SG;27;UTA;4;0;15;0;72;.000;0;24;.000;0;48;.000;0;0;;0;72;72;24;0;0;48;72;0
272;Michael Kidd-Gilchrist;PF;26;TOT;25;0;281;28;85;.333;6;26;.250;22;59;.370;14;18;.786;18;68;86;18;3;8;20;47;77
272;Michael Kidd-Gilchrist;PF;26;CHO;12;0;160;41;119;.340;11;38;.294;29;81;.361;16;20;.778;20;59;79;23;0;7;16;41;108
272;Michael Kidd-Gilchrist;PF;26;DAL;13;0;121;12;39;.308;0;9;.000;12;30;.400;12;15;.800;15;80;95;12;6;9;27;57;36
273;Louis King;SF;20;DET;10;0;62;46;122;.381;23;64;.364;23;58;.400;0;17;.000;6;52;58;29;12;0;12;58;116
274;Maxi Kleber;PF;28;DAL;74;21;1890;45;98;.461;23;61;.373;22;37;.605;15;18;.849;21;53;74;17;5;16;11;34;128
275;Brandon Knight;SG-PG;28;TOT;25;3;462;46;130;.353;35;102;.344;11;28;.389;16;26;.588;3;29;32;54;8;2;30;31;143
275;Brandon Knight;SG;28;CLE;16;0;241;42;128;.326;28;96;.297;13;33;.409;6;19;.308;4;25;30;46;7;3;24;30;118
275;Brandon Knight;PG;28;DET;9;3;221;50;132;.383;42;109;.388;8;23;.357;26;34;.762;2;33;34;62;8;2;36;33;169
276;Kevin Knox;SF;20;NYK;65;4;1166;44;124;.359;20;61;.327;24;62;.391;20;31;.653;9;48;57;19;7;9;14;33;129
277;John Konchar;SG;23;MEM;19;0;181;48;74;.649;10;20;.500;38;54;.704;2;4;.500;36;58;93;44;14;6;14;14;107
278;Furkan Korkmaz;SG;22;PHI;72;12;1559;56;130;.430;33;82;.402;23;48;.478;18;24;.755;4;35;39;18;9;4;14;23;163
279;Luke Kornet;C;24;CHI;36;14;559;53;120;.439;20;70;.287;33;51;.646;13;18;.714;14;40;54;21;7;17;9;35;138
280;Kyle Korver;SF;38;MIL;58;1;960;47;110;.430;37;89;.418;10;21;.482;13;15;.854;6;40;46;25;10;5;18;29;145
281;Rodions Kurucs;PF;21;BRK;47;9;684;42;93;.446;17;47;.367;24;46;.529;13;20;.632;13;59;72;27;13;3;24;47;113
282;Kyle Kuzma;PF;24;LAL;61;9;1526;69;158;.436;20;64;.316;48;93;.518;27;37;.735;12;52;64;19;7;6;21;30;184
283;Skal Labissière;C;23;POR;33;1;567;51;93;.551;2;8;.231;50;85;.582;16;21;.758;41;66;107;27;4;20;19;57;121
284;Jeremy Lamb;SG;27;IND;46;42;1291;60;134;.451;15;44;.335;45;90;.508;26;31;.836;7;49;56;27;15;6;14;29;161
285;Romeo Langford;SG;20;BOS;32;2;370;27;78;.350;5;26;.185;22;52;.434;18;24;.720;15;25;40;13;8;8;11;32;77
286;Zach LaVine;SG;24;CHI;60;60;2085;93;207;.450;32;84;.380;61;123;.497;46;58;.802;7;43;50;44;15;5;36;23;264
287;Vic Law;PF;24;ORL;8;0;62;35;105;.333;6;41;.143;29;64;.455;12;35;.333;12;52;64;17;12;0;12;35;87
288;Jake Layman;SF;25;MIN;23;2;505;58;128;.453;17;51;.333;41;76;.533;17;23;.750;12;29;41;11;12;7;17;34;150
289;T.J. Leaf;PF;22;IND;28;1;222;58;139;.419;8;29;.278;50;110;.456;11;26;.438;37;78;115;15;16;6;13;36;136
290;Jalen Lecque;SG;19;PHO;5;0;32;45;113;.400;0;45;.000;45;68;.667;23;23;1.000;0;23;23;23;0;0;23;34;113
291;Courtney Lee;SG;34;DAL;24;9;345;42;86;.488;22;49;.447;20;37;.543;6;7;.857;7;26;33;13;19;6;11;34;112
292;Damion Lee;SG;27;GSW;49;36;1423;54;129;.417;22;60;.356;32;69;.471;28;32;.873;8;52;60;34;13;2;17;29;157
293;Alex Len;C;26;TOT;55;12;970;66;118;.555;6;22;.271;60;96;.619;25;39;.648;37;82;119;19;9;18;20;47;163
293;Alex Len;C;26;ATL;40;9;745;69;126;.546;7;27;.250;62;99;.627;25;39;.630;33;78;111;20;10;16;19;45;169
293;Alex Len;C;26;SAC;15;3;225;56;94;.593;3;5;.667;53;90;.589;27;38;.708;50;96;146;13;5;24;26;54;142
294;Kawhi Leonard;SF;28;LAC;57;57;1848;104;221;.470;24;63;.378;80;157;.506;69;78;.886;11;68;78;55;20;6;29;22;301
295;Meyers Leonard;C;27;MIA;51;49;1034;41;81;.509;18;45;.414;23;37;.623;6;10;.643;10;80;91;19;5;5;14;37;108
296;Caris LeVert;SG;25;BRK;45;31;1330;84;198;.425;22;60;.364;63;139;.451;38;53;.711;13;38;51;54;14;3;32;22;228
297;Damian Lillard;PG;29;POR;66;66;2474;91;196;.463;39;98;.401;52;98;.524;67;75;.888;5;37;41;77;10;3;28;17;288
298;Nassir Little;PF;19;POR;48;5;573;41;95;.430;9;37;.237;32;58;.554;18;28;.636;19;48;68;14;8;9;9;45;108
299;Kevon Looney;C;23;GSW;20;4;262;40;109;.367;1;19;.071;38;89;.431;12;16;.750;38;52;91;27;16;8;16;47;93
300;Brook Lopez;C;31;MIL;68;67;1817;58;133;.435;20;64;.314;38;69;.549;25;30;.836;11;50;62;20;9;32;14;32;161
301;Robin Lopez;C;31;MIL;66;5;958;55;112;.492;13;39;.333;42;73;.577;11;20;.528;21;39;61;17;4;17;24;36;134
302;Kevin Love;PF;31;CLE;56;56;1780;66;147;.450;30;79;.374;37;68;.537;38;44;.854;11;100;111;36;7;4;28;18;200
303;Kyle Lowry;PG;33;TOR;58;58;2098;57;138;.416;28;80;.352;29;58;.504;50;59;.857;5;45;50;74;14;4;31;33;193
304;Timothé Luwawu-Cabarrot;SF;24;BRK;47;2;853;49;114;.435;26;68;.388;23;46;.505;29;34;.852;12;41;54;12;8;3;16;45;154
305;Trey Lyles;PF;24;SAS;63;53;1271;43;97;.446;18;48;.387;25;50;.503;9;13;.733;20;82;102;20;8;8;11;28;114
306;Daryl Macon;PG;24;MIA;4;0;14;26;77;.333;26;51;.500;0;26;.000;0;0;;0;0;0;26;0;0;51;26;77
307;J.P. Macura;SG;24;CLE;1;0;1;0;0;;0;0;;0;0;;0;0;;0;0;0;0;0;0;0;0;0
308;Josh Magette;PG;30;ORL;8;0;38;47;142;.333;9;38;.250;38;104;.364;9;19;.500;9;47;57;47;28;9;47;38;114
309;Ian Mahinmi;C;33;WAS;38;35;808;46;94;.495;2;12;.192;44;82;.538;31;50;.619;35;62;97;22;14;20;20;51;126
310;Thon Maker;C;22;DET;60;14;776;43;90;.482;10;30;.344;33;60;.550;34;51;.664;25;52;77;20;12;18;21;47;130
311;Terance Mann;SF;23;LAC;41;6;362;37;79;.468;7;20;.350;30;59;.508;18;27;.667;10;45;55;53;11;5;18;46;98
312;Boban Marjanović;C;31;DAL;44;5;422;103;180;.573;3;15;.235;100;165;.603;37;49;.754;56;112;168;17;7;9;26;48;247
313;Lauri Markkanen;PF;22;CHI;50;50;1492;61;143;.425;26;76;.344;34;66;.518;30;37;.824;14;61;76;18;10;6;20;23;178
314;Caleb Martin;SF;24;CHO;18;1;317;42;95;.440;23;42;.541;19;53;.362;19;24;.810;11;32;43;26;14;8;17;36;126
315;Cody Martin;SF;24;CHO;48;3;903;35;83;.430;7;31;.234;28;52;.546;17;26;.646;15;48;63;38;16;4;18;31;95
316;Jeremiah Martin;PG;23;BRK;9;0;99;87;193;.453;18;65;.278;69;127;.543;40;51;.786;4;33;36;65;25;7;15;25;233
317;Kelan Martin;SF;24;MIN;31;4;495;52;132;.392;18;70;.260;33;62;.541;22;23;.968;9;61;70;17;5;7;15;37;143
318;Frank Mason III;PG;25;MIL;9;0;118;70;156;.451;18;64;.286;52;92;.567;31;52;.588;15;43;58;88;15;3;34;34;189
319;Garrison Mathews;SG;23;WAS;18;0;227;38;89;.429;30;73;.413;8;16;.500;49;54;.912;10;29;38;16;13;2;13;51;155
320;Wesley Matthews;SG;33;MIL;67;67;1635;37;93;.396;24;65;.364;13;28;.472;11;15;.765;5;32;37;20;8;2;9;23;109
321;Luc Mbah a Moute;PF;33;HOU;3;0;25;29;72;.400;0;29;.000;29;43;.667;14;29;.500;14;14;29;0;29;0;14;0;72
322;Patrick McCaw;SF;24;TOR;37;12;908;27;64;.414;9;28;.324;17;36;.484;5;7;.722;8;27;34;31;15;2;11;24;67
323;CJ McCollum;SG;28;POR;70;70;2556;86;191;.451;27;72;.379;59;119;.494;20;26;.757;6;35;42;44;8;6;18;26;219
324;T.J. McConnell;PG;27;IND;71;3;1326;58;112;.516;1;5;.294;56;107;.525;10;11;.833;10;41;51;96;15;3;27;20;126
325;Jalen McDaniels;SF;22;CHO;16;0;293;41;86;.471;11;29;.375;29;57;.522;17;21;.824;18;61;80;16;10;4;14;44;109
326;Doug McDermott;PF;28;IND;69;0;1372;70;144;.488;34;77;.435;36;66;.549;13;15;.828;7;39;46;20;3;1;11;31;186
327;JaVale McGee;C;32;LAL;68;68;1130;62;97;.637;1;2;.500;61;96;.640;17;26;.646;40;84;124;12;11;30;18;51;142
328;Rodney McGruder;SG;28;LAC;56;4;871;30;75;.398;10;37;.270;20;38;.522;8;14;.559;12;50;62;15;11;3;10;31;77
329;Alfonzo McKinnie;SF;27;CLE;40;1;593;44;104;.427;8;39;.215;36;64;.557;13;19;.710;22;46;69;8;14;5;16;44;110
330;Jordan McLaughlin;PG;23;MIN;30;2;590;53;109;.489;18;46;.382;35;62;.569;16;24;.667;4;26;30;76;21;2;19;19;140
331;Ben McLemore;SF;26;HOU;71;23;1619;54;121;.444;40;101;.400;14;21;.656;11;15;.746;5;30;35;13;10;4;11;34;159
332;Jordan McRae;SG;28;TOT;37;4;784;68;168;.407;21;58;.357;48;110;.433;38;50;.761;8;49;57;43;10;7;20;34;196
332;Jordan McRae;SG;28;WAS;29;4;654;73;174;.420;22;58;.377;51;116;.441;35;46;.771;9;48;57;45;10;8;21;34;204
332;Jordan McRae;SG;28;DEN;4;0;32;23;68;.333;23;45;.500;0;23;.000;34;45;.750;11;45;56;45;23;11;0;23;101
332;Jordan McRae;SG;28;DET;4;0;98;51;158;.326;11;59;.188;40;99;.407;59;81;.727;0;55;55;26;0;0;18;37;173
333;Nicolò Melli;C;29;NOP;60;8;1042;47;112;.421;24;71;.335;23;40;.573;19;25;.740;13;49;62;28;12;8;16;43;136
334;De'Anthony Melton;PG;21;MEM;60;8;1167;50;124;.401;12;43;.286;37;81;.464;29;37;.769;13;55;68;54;24;6;26;34;140
335;Chimezie Metu;C;22;SAS;18;0;105;82;144;.571;0;7;.000;82;137;.600;34;45;.769;41;72;113;34;10;21;34;24;199
336;Khris Middleton;SF;28;MIL;62;59;1853;92;184;.497;29;69;.415;63;115;.546;40;44;.916;9;66;74;51;10;1;27;28;252
337;Eric Mika;C;25;SAC;1;0;19;38;57;.667;0;0;;38;57;.667;38;38;1.000;38;95;133;0;0;0;0;95;114
338;C.J. Miles;SF;32;WAS;10;0;161;42;132;.322;25;78;.314;18;54;.333;34;45;.750;9;18;27;27;22;9;9;31;143
339;Malcolm Miller;SF;26;TOR;28;1;162;27;64;.414;18;49;.364;9;16;.571;7;18;.375;4;31;36;24;11;4;9;40;78
340;Patty Mills;PG;31;SAS;66;1;1485;63;145;.431;37;98;.382;25;47;.533;24;27;.866;5;21;26;29;13;1;13;25;186
341;Paul Millsap;PF;34;DEN;51;48;1240;61;127;.482;16;36;.435;46;91;.500;33;41;.816;28;57;85;24;13;9;20;44;172
342;Shake Milton;SG;23;PHI;40;24;805;60;124;.484;26;60;.430;34;64;.535;23;29;.785;7;33;39;47;9;3;21;41;169
343;Donovan Mitchell;SG;23;UTA;69;69;2364;92;204;.449;26;72;.366;65;132;.494;42;49;.863;8;38;46;45;11;2;28;26;252
344;Naz Mitrou-Long;SG;26;IND;5;0;47;46;130;.353;15;92;.167;31;38;.800;0;0;;0;54;54;61;8;8;23;15;107
345;Adam Mokoka;SF;21;CHI;11;0;112;39;90;.429;19;48;.400;19;42;.462;6;13;.500;23;10;32;13;13;0;6;55;103
346;Malik Monk;SG;21;CHO;55;1;1169;65;150;.434;18;63;.284;47;87;.542;25;31;.820;8;40;48;35;8;5;24;23;174
347;Matt Mooney;SG;22;CLE;4;0;19;19;76;.250;0;38;.000;19;38;.500;0;0;;0;57;57;19;38;19;0;19;38
348;E'Twaun Moore;SG;30;NOP;56;6;1020;66;154;.426;22;59;.377;43;95;.456;11;16;.689;11;35;46;28;11;4;14;28;164
349;Ja Morant;PG;20;MEM;67;67;2074;78;163;.477;10;31;.335;67;132;.511;41;53;.776;9;36;45;85;10;3;38;19;207
350;Juwan Morgan;PF;22;UTA;21;0;134;40;70;.577;8;21;.375;32;48;.667;8;11;.750;27;51;78;16;3;5;16;51;97
351;Marcus Morris;SF-PF;30;TOT;62;62;1936;66;151;.438;26;65;.408;40;86;.461;34;41;.823;11;47;58;16;9;6;18;33;192
351;Marcus Morris;SF;30;NYK;43;43;1387;73;165;.442;30;69;.439;43;97;.444;42;51;.823;12;48;60;15;9;4;19;33;218
351;Marcus Morris;PF;30;LAC;19;19;549;49;114;.425;17;55;.310;31;59;.533;12;14;.818;7;44;51;18;9;9;16;34;126
352;Markieff Morris;PF;30;TOT;58;17;1187;62;139;.443;27;69;.386;35;70;.500;20;26;.776;12;54;66;23;9;5;23;40;170
352;Markieff Morris;PF;30;DET;44;16;988;64;142;.450;27;69;.397;36;73;.500;22;29;.772;9;54;63;25;9;4;26;38;177
352;Markieff Morris;PF;30;LAL;14;1;199;51;125;.406;24;71;.333;27;54;.500;9;11;.833;29;52;81;14;9;11;11;52;134
353;Monte Morris;PG;24;DEN;73;12;1636;57;125;.459;14;38;.378;43;87;.495;17;20;.843;5;25;30;56;12;4;12;16;145
354;Johnathan Motley;PF;24;LAC;13;0;41;97;132;.733;9;9;1.000;88;123;.714;44;61;.714;26;61;88;70;26;0;44;53;246
355;Emmanuel Mudiay;PG;23;UTA;54;2;850;64;138;.462;13;37;.345;51;102;.504;27;35;.759;8;46;53;49;10;4;32;30;167
356;Mychal Mulder;SF;25;GSW;7;3;204;46;118;.388;28;92;.308;18;26;.667;16;21;.750;5;35;41;14;4;2;9;35;136
357;Dejounte Murray;PG;23;SAS;66;58;1687;63;136;.462;9;24;.369;54;112;.481;19;24;.798;15;67;82;58;24;4;27;31;154
358;Jamal Murray;PG;22;DEN;59;59;1904;77;169;.456;21;61;.346;56;108;.519;31;35;.881;9;36;45;54;13;3;24;19;206
359;Džanan Musa;SF;20;BRK;40;0;487;47;127;.372;14;58;.244;33;69;.479;33;44;.750;16;48;64;32;11;1;27;22;142
360;Mike Muscala;C;28;OKC;47;2;572;48;119;.407;34;90;.378;14;29;.500;11;14;.818;10;58;68;25;6;8;11;37;142
361;Sviatoslav Mykhailiuk;SF;22;DET;56;27;1265;47;115;.410;33;81;.404;15;34;.425;16;20;.814;5;25;30;30;12;1;17;25;143
362;Abdel Nader;SF;26;OKC;55;6;867;51;109;.468;20;53;.375;31;56;.556;21;27;.773;6;36;42;16;10;8;18;32;143
363;Larry Nance Jr.;PF;27;CLE;56;10;1472;56;105;.531;14;39;.352;42;67;.636;12;18;.676;26;74;100;30;14;5;15;22;138
364;Shabazz Napier;PG;28;TOT;56;32;1344;50;122;.412;20;64;.317;30;58;.519;34;41;.824;7;35;42;70;18;3;34;27;155
364;Shabazz Napier;PG;28;MIN;36;22;856;48;119;.403;20;67;.296;28;52;.540;30;37;.818;7;39;46;79;17;3;32;26;146
364;Shabazz Napier;PG;28;WAS;20;10;488;55;128;.428;21;60;.358;33;68;.489;40;48;.831;7;29;35;55;21;3;38;29;170
365;Raul Neto;PG;27;PHI;54;3;668;54;120;.455;18;47;.386;36;72;.500;21;25;.830;6;27;33;51;13;3;25;27;148
366;Malik Newman;SG;22;CLE;1;0;4;0;180;.000;0;90;.000;0;90;.000;180;180;1.000;0;0;0;0;0;0;90;0;180
367;Georges Niang;PF;26;UTA;66;1;923;55;126;.438;35;88;.400;20;38;.526;8;9;.833;6;44;50;17;7;2;12;29;153
368;Joakim Noah;C;34;LAC;5;0;50;29;58;.500;0;0;;29;58;.500;43;58;.750;36;79;115;50;7;7;43;65;101
369;Nerlens Noel;C;25;OKC;61;7;1127;59;86;.684;0;1;.333;58;85;.688;26;34;.755;29;67;96;18;19;29;21;53;143
370;Zach Norvell;SG;22;TOT;5;0;41;26;105;.250;26;70;.375;0;35;.000;9;9;1.000;0;53;53;26;18;0;26;35;88
370;Zach Norvell;SG;22;LAL;2;0;5;0;72;.000;0;0;;0;72;.000;0;0;;0;72;72;0;0;0;0;0;0
370;Zach Norvell;SG;22;GSW;3;0;36;30;110;.273;30;80;.375;0;30;.000;10;10;1.000;0;50;50;30;20;0;30;40;100
371;Jaylen Nowell;SG;20;MIN;15;0;151;45;126;.358;7;62;.115;38;64;.593;38;41;.941;7;24;31;45;7;2;7;26;136
372;Frank Ntilikina;PG;21;NYK;57;26;1187;40;101;.393;13;42;.321;26;59;.444;15;18;.864;7;30;37;52;16;5;22;43;108
373;Kendrick Nunn;PG;24;MIA;67;67;1962;74;168;.439;25;72;.350;48;96;.505;16;18;.850;4;29;33;40;10;3;21;28;188
374;Jusuf Nurkić;C;25;POR;8;8;253;77;155;.495;3;14;.200;74;141;.525;44;50;.886;33;84;117;46;16;23;27;55;201
375;David Nwaba;SG;27;BRK;20;0;268;50;95;.521;16;38;.429;34;58;.581;24;36;.667;11;50;60;11;15;16;11;43;140
376;Royce O'Neale;SF;26;UTA;71;62;2049;28;64;.433;16;43;.377;12;21;.545;7;10;.764;5;64;68;32;10;6;11;35;79
377;Kyle O'Quinn;C;29;PHI;29;2;313;48;98;.494;8;31;.259;40;67;.603;13;23;.550;39;94;133;59;8;28;23;43;117
378;Semi Ojeleye;PF;25;BOS;69;6;1011;28;70;.408;17;45;.378;11;25;.464;10;11;.875;9;42;52;13;7;2;7;28;84
379;Jahlil Okafor;C;24;NOP;30;9;467;78;125;.623;1;2;.333;77;123;.629;31;48;.645;37;61;98;29;5;17;29;52;187
380;Elie Okobo;PG;22;PHO;55;3;719;36;91;.398;13;36;.352;24;55;.427;25;36;.704;8;37;45;58;12;2;19;27;110
381;Josh Okogie;SG;21;MIN;62;28;1547;40;93;.427;10;36;.266;30;57;.529;35;44;.796;20;42;62;23;16;6;20;32;124
382;KZ Okpala;PF;20;MIA;5;0;26;42;69;.600;0;14;.000;42;55;.750;14;28;.500;14;55;69;14;28;14;14;28;97
383;Victor Oladipo;SG;27;IND;19;16;528;66;168;.394;23;71;.317;44;97;.451;33;40;.814;6;45;51;38;12;3;32;25;187
384;Kelly Olynyk;C;28;MIA;67;9;1300;51;110;.462;26;65;.406;25;45;.543;24;28;.860;12;72;84;32;12;6;20;48;152
385;Miye Oni;SF;22;UTA;10;1;109;40;106;.375;23;63;.368;17;43;.385;13;17;.800;17;40;56;13;13;7;13;30;116
386;Cedi Osman;SF;24;CLE;65;65;1910;50;115;.437;23;61;.383;27;54;.497;12;18;.670;7;36;44;29;10;3;17;30;135
387;Kelly Oubre Jr.;SF;24;PHO;56;55;1933;69;154;.452;20;57;.352;49;97;.511;36;46;.780;12;55;67;16;13;7;15;36;195
388;Tariq Owens;PF;24;PHO;3;0;15;24;120;.200;0;48;.000;24;72;.333;48;48;1.000;48;24;72;0;24;0;0;24;96
389;Jeremy Pargo;PG;33;GSW;3;0;44;90;180;.500;25;57;.429;65;123;.533;0;8;.000;8;16;25;65;8;0;33;65;205
390;Jabari Parker;PF;24;TOT;38;23;917;86;168;.510;13;47;.269;73;122;.603;24;32;.753;24;60;84;27;18;6;25;39;208
390;Jabari Parker;PF;24;ATL;32;23;837;85;169;.504;13;49;.270;72;120;.601;23;31;.736;23;59;82;25;18;6;26;40;206
390;Jabari Parker;PF;24;SAC;6;0;80;95;162;.583;5;18;.250;90;144;.625;36;41;.889;32;72;104;45;14;5;18;27;230
391;Chandler Parsons;PF;31;ATL;5;0;54;33;120;.278;27;93;.286;7;27;.250;0;0;;7;40;47;20;27;7;20;20;93
392;Eric Paschall;PF;23;GSW;60;26;1654;69;139;.497;8;28;.287;61;111;.550;36;46;.774;18;42;60;28;7;3;20;27;182
393;Anžejs Pasečņiks;C;24;WAS;27;0;437;50;96;.526;0;2;.000;50;93;.540;28;48;.586;35;54;88;15;7;10;20;62;129
394;Patrick Patterson;PF;30;LAC;59;18;776;44;108;.408;31;80;.390;13;28;.459;16;20;.814;16;54;70;19;3;1;10;25;135
395;Justin Patton;C;22;OKC;5;0;24;60;150;.400;15;60;.250;45;90;.500;0;0;;15;60;75;30;0;0;30;60;135
396;Chris Paul;PG;34;OKC;70;70;2208;71;145;.489;18;50;.365;53;95;.554;41;45;.907;4;53;57;77;18;2;26;26;201
397;Cameron Payne;SG;25;PHO;8;0;183;65;134;.485;30;57;.517;35;77;.462;12;14;.857;8;53;61;47;16;4;22;39;171
398;Elfrid Payton;PG;25;NYK;45;36;1246;56;127;.439;4;20;.203;52;107;.482;14;25;.570;15;46;61;93;20;5;28;26;130
399;Gary Payton II;SF;27;WAS;29;17;432;40;97;.414;11;38;.283;29;58;.500;3;7;.500;22;45;67;40;27;6;17;45;94
400;Norvel Pelle;C;26;PHI;24;0;232;39;74;.521;0;2;.000;39;73;.532;11;22;.500;31;81;112;12;5;48;28;85;88
401;Theo Pinson;SG;24;BRK;33;0;365;44;153;.290;15;79;.188;30;74;.400;15;16;.938;10;43;53;55;17;4;33;35;118
402;Mason Plumlee;C;29;DEN;61;1;1057;60;98;.615;0;2;.000;60;96;.625;28;53;.535;33;75;108;52;11;13;28;49;149
403;Jakob Poeltl;C;24;SAS;66;18;1171;51;82;.624;0;0;;51;82;.624;12;26;.465;40;75;115;36;11;29;17;39;114
404;Vincent Poirier;C;26;BOS;22;0;130;47;100;.472;3;6;.500;44;94;.471;17;19;.857;36;83;119;22;6;25;22;69;114
405;Shamorie Ponds;PG;21;TOR;4;0;11;98;164;.600;33;65;.500;65;98;.667;65;65;1.000;0;33;33;65;0;33;0;65;295
406;Jordan Poole;SG;20;GSW;57;14;1274;47;142;.333;21;75;.279;26;67;.392;27;34;.798;3;31;33;38;10;3;21;27;142
407;Kevin Porter Jr.;SF;19;CLE;50;3;1162;58;130;.442;16;49;.335;41;81;.506;23;31;.723;7;43;50;34;14;4;29;42;154
408;Michael Porter Jr.;SF;21;DEN;55;8;903;78;153;.509;25;59;.422;53;94;.564;24;29;.833;26;77;103;18;11;10;20;40;204
409;Otto Porter;SF;26;CHI;14;9;331;67;152;.443;26;67;.387;41;85;.487;21;29;.704;14;38;52;27;16;7;12;34;182
410;Bobby Portis;PF;24;NYK;66;5;1393;68;152;.450;17;48;.358;51;104;.493;18;24;.763;21;67;87;25;8;5;19;28;173
411;Kristaps Porziņģis;C;24;DAL;57;57;1814;79;185;.427;28;80;.352;51;105;.484;45;56;.799;20;87;107;20;8;23;18;37;231
412;Dwight Powell;C;28;DAL;40;37;1061;50;78;.638;3;13;.256;46;64;.716;25;38;.667;25;52;77;20;12;7;12;35;128
413;Norman Powell;SG;26;TOR;52;26;1479;72;146;.495;27;66;.399;46;79;.575;31;37;.843;6;40;46;22;15;5;19;26;202
414;Taurean Prince;PF;25;BRK;64;61;1857;54;143;.376;28;84;.339;26;60;.429;14;17;.798;10;64;74;22;11;5;25;31;150
415;Chasson Randle;PG;26;GSW;3;0;40;0;36;.000;0;18;.000;0;18;.000;45;54;.833;0;18;18;45;18;0;0;27;45
416;Julius Randle;PF;25;NYK;64;64;2080;80;174;.460;11;40;.277;69;134;.515;45;61;.733;26;82;108;34;9;4;33;31;216
417;Josh Reaves;SF;22;DAL;4;0;28;39;116;.333;0;26;.000;39;90;.429;26;26;1.000;13;26;39;39;0;0;0;64;103
418;Cam Reddish;SF;20;ATL;58;34;1551;49;129;.384;19;58;.332;30;71;.428;23;29;.802;8;42;50;20;14;6;22;31;142
419;J.J. Redick;SG;35;NOP;60;36;1581;65;144;.453;41;90;.453;24;53;.453;38;42;.892;2;32;34;27;5;2;17;22;209
420;Naz Reid;C;20;MIN;30;11;495;73;177;.412;23;71;.330;49;106;.466;27;39;.698;25;65;90;25;14;16;16;60;196
421;Josh Richardson;SG;26;PHI;55;53;1693;59;137;.430;18;53;.341;41;84;.486;24;30;.809;9;28;37;34;11;8;22;29;161
422;Austin Rivers;SG;27;HOU;68;4;1594;48;113;.421;22;61;.356;26;52;.498;18;25;.703;6;33;40;26;11;2;11;29;135
423;Andre Roberson;SF;28;OKC;7;0;87;33;120;.276;12;58;.214;21;62;.333;4;8;.500;29;83;112;17;4;12;8;54;83
424;Duncan Robinson;SG;25;MIA;73;68;2166;54;114;.470;45;101;.446;9;13;.654;11;12;.931;2;37;39;17;6;3;12;32;163
425;Glenn Robinson III;SF;26;TOT;62;52;1786;58;119;.486;16;40;.391;43;80;.534;15;17;.860;16;38;54;19;11;3;11;20;147
425;Glenn Robinson III;SF;26;GSW;48;48;1516;58;120;.481;16;40;.400;42;80;.522;15;18;.851;16;38;54;20;11;3;12;19;147
425;Glenn Robinson III;SF;26;PHI;14;4;270;59;113;.518;12;36;.333;47;77;.603;15;16;.917;20;39;59;15;12;3;7;24;144
426;Jerome Robinson;SG;22;TOT;63;6;979;42;114;.371;18;56;.320;24;58;.420;15;21;.702;5;43;47;32;10;6;18;41;117
426;Jerome Robinson;SG;22;LAC;42;1;476;35;103;.338;14;51;.284;20;52;.391;8;14;.579;4;42;45;35;10;6;20;42;92
426;Jerome Robinson;SG;22;WAS;21;5;503;49;125;.397;21;62;.349;28;63;.443;21;27;.763;6;44;49;29;11;6;16;41;141
427;Justin Robinson;PG;22;WAS;9;0;49;37;88;.417;22;37;.600;15;51;.286;0;0;;7;29;37;51;0;7;22;15;96
428;Mitchell Robinson;C;21;NYK;61;7;1412;65;87;.742;0;0;;65;87;.742;21;38;.568;47;62;109;9;13;30;9;49;150
429;Isaiah Roby;PF;21;OKC;3;0;11;0;33;.000;0;0;;0;33;.000;0;0;;0;65;65;0;0;0;33;33;0
430;Rajon Rondo;PG;33;LAL;48;3;984;50;120;.418;15;46;.328;35;74;.473;10;15;.659;8;44;52;88;15;1;33;21;125
431;Derrick Rose;PG;31;DET;50;15;1298;102;209;.490;12;41;.306;90;168;.535;34;39;.871;7;26;34;77;11;4;35;14;251
432;Terrence Ross;SG;28;ORL;69;0;1889;65;161;.403;34;96;.351;31;65;.480;30;35;.853;2;40;42;16;15;5;13;21;194
433;Terry Rozier;PG;25;CHO;63;63;2164;66;157;.423;29;70;.407;38;86;.436;28;32;.874;8;38;46;43;10;2;23;21;189
434;Ricky Rubio;PG;29;PHO;65;65;2016;51;124;.415;14;39;.361;37;85;.439;35;40;.863;8;46;54;102;17;2;31;30;151
435;D'Angelo Russell;PG;23;TOT;45;45;1452;89;210;.426;39;107;.367;50;103;.487;40;49;.809;4;40;44;71;12;3;36;21;258
435;D'Angelo Russell;PG;23;GSW;33;33;1060;93;216;.430;41;109;.374;52;107;.487;38;49;.785;5;37;41;70;11;3;34;22;265
435;D'Angelo Russell;PG;23;MIN;12;12;392;80;194;.412;35;101;.345;45;93;.485;44;51;.873;3;48;51;73;16;4;42;20;239
436;Domantas Sabonis;PF;23;IND;62;62;2159;76;141;.540;3;11;.254;74;130;.565;36;49;.723;32;97;129;52;8;5;28;33;191
437;Luka Šamanić;PF;20;SAS;3;1;48;37;120;.313;23;60;.375;15;60;.250;23;30;.750;7;68;75;45;0;15;15;45;120
438;JaKarr Sampson;PF;26;IND;34;12;471;52;88;.591;2;10;.154;50;78;.647;14;21;.667;15;52;67;16;12;9;11;49;119
439;Dario Šarić;PF;25;PHO;66;51;1632;56;119;.476;19;52;.357;38;67;.568;24;28;.844;22;68;90;27;8;4;19;34;155
440;Tomáš Satoranský;SG;28;CHI;65;64;1878;45;106;.430;12;38;.322;33;67;.491;20;23;.876;15;34;49;68;15;1;25;26;123
441;Admiral Schofield;PF;22;WAS;33;2;368;34;90;.380;19;60;.311;16;30;.516;10;15;.667;7;39;46;15;8;4;7;49;97
442;Dennis Schröder;SG;26;OKC;65;2;1999;82;174;.469;23;59;.385;59;115;.513;36;43;.839;3;39;43;47;8;3;30;26;221
443;Mike Scott;PF;31;PHI;68;11;1207;44;104;.426;24;65;.369;21;40;.519;9;11;.811;19;55;74;17;6;1;8;29;122
444;Thabo Sefolosha;PF;35;HOU;41;0;436;31;75;.407;12;45;.278;18;31;.595;2;7;.375;17;59;77;21;20;10;12;36;76
445;Collin Sexton;PG;21;CLE;65;65;2143;86;182;.472;16;43;.380;70;140;.501;38;45;.846;10;24;34;32;11;1;27;24;227
446;Landry Shamet;SG;22;LAC;53;30;1452;39;97;.404;28;73;.375;12;24;.495;16;19;.855;1;23;25;25;5;2;10;35;122
447;Marial Shayok;SG;24;PHI;4;0;28;39;154;.250;26;77;.333;13;77;.167;39;51;.750;13;77;90;13;0;13;39;51;141
448;Iman Shumpert;SF;29;BRK;13;0;241;31;96;.328;12;49;.242;19;46;.419;6;10;.571;13;37;51;18;18;3;15;31;81
449;Pascal Siakam;PF;25;TOR;60;60;2110;85;188;.453;22;62;.359;63;126;.499;41;52;.792;11;64;75;35;10;9;25;29;234
450;Chris Silva;PF;23;MIA;44;0;346;50;81;.615;0;3;.000;50;78;.640;38;57;.673;62;69;131;24;9;22;33;88;138
451;Ben Simmons;PG;23;PHI;57;57;2017;67;115;.580;0;1;.286;67;114;.583;33;53;.621;20;59;79;81;21;6;36;33;167
452;Anfernee Simons;SG;20;POR;70;4;1449;53;133;.399;19;56;.332;35;77;.448;19;23;.826;6;32;38;24;6;2;15;34;144
453;Alen Smailagić;C;19;GSW;14;0;139;52;104;.500;8;34;.231;44;70;.630;41;49;.842;26;44;70;34;8;10;28;36;153
454;Marcus Smart;SG;25;BOS;60;40;1919;48;128;.375;26;74;.347;22;54;.415;24;29;.836;8;34;42;55;19;5;19;30;146
455;Dennis Smith Jr.;PG;22;NYK;34;3;537;48;141;.341;11;36;.296;38;105;.357;18;36;.509;14;38;52;66;19;5;39;44;125
456;Ish Smith;PG;31;WAS;68;23;1787;62;139;.447;12;34;.367;50;105;.473;12;17;.721;6;38;44;67;12;6;19;21;149
457;J.R. Smith;SG;34;LAL;6;0;79;32;100;.318;5;50;.091;27;50;.545;9;9;1.000;0;23;23;14;5;0;18;23;77
458;Zhaire Smith;SF;20;PHI;7;0;32;34;124;.273;0;34;.000;34;90;.375;23;45;.500;0;23;23;23;34;0;23;45;90
459;Tony Snell;SF;28;DET;59;57;1641;37;84;.445;22;56;.402;15;28;.531;7;7;1.000;2;22;24;28;7;3;7;22;104
460;Omari Spellman;C;22;GSW;49;3;886;52;120;.431;17;45;.391;34;75;.454;30;37;.793;31;58;89;19;13;10;22;26;150
461;Max Strus;SF;23;CHI;2;0;6;120;180;.667;0;60;.000;120;120;1.000;60;60;1.000;60;0;60;0;0;0;0;60;300
462;Edmond Sumner;SG;24;IND;31;3;447;49;114;.430;11;43;.264;38;72;.528;13;23;.552;9;28;37;44;12;7;18;35;122
463;Caleb Swanigan;PF-C;22;TOT;27;1;288;35;59;.596;0;2;.000;35;56;.622;11;21;.529;34;91;125;39;4;9;46;77;81
463;Caleb Swanigan;C;22;SAC;7;0;23;31;63;.500;0;0;;31;63;.500;16;31;.500;31;78;110;31;16;31;94;125;78
463;Caleb Swanigan;PF;22;POR;20;1;265;35;58;.605;0;3;.000;35;56;.634;11;20;.533;34;92;126;39;3;7;42;73;82
464;Jayson Tatum;PF;21;BOS;66;66;2265;88;195;.450;30;75;.403;58;120;.480;40;50;.812;10;63;73;32;15;9;25;22;246
465;Jeff Teague;PG;31;TOT;59;17;1464;52;120;.436;11;29;.368;42;91;.457;42;48;.873;7;28;35;76;11;5;29;26;158
465;Jeff Teague;PG;31;MIN;34;13;945;55;123;.448;13;33;.379;43;90;.473;48;55;.868;6;28;34;79;10;5;29;27;171
465;Jeff Teague;PG;31;ATL;25;4;519;47;114;.412;7;21;.333;40;94;.430;33;37;.887;8;29;37;69;13;4;28;25;134
466;Garrett Temple;SG;33;BRK;62;35;1730;46;122;.378;26;80;.329;20;42;.473;15;18;.805;6;39;45;32;10;6;13;22;133
467;Daniel Theis;C;27;BOS;65;64;1566;55;98;.566;7;22;.333;48;76;.633;20;26;.763;32;66;98;26;9;19;12;50;138
468;Isaiah Thomas;PG;30;WAS;40;37;925;68;166;.408;30;74;.413;37;92;.405;24;30;.816;4;22;26;57;5;2;30;30;190
469;Khyri Thomas;SG;23;DET;8;0;61;30;100;.294;30;83;.357;0;18;.000;12;24;.500;6;0;6;18;18;0;18;53;100
470;Lance Thomas;PF;31;BRK;7;4;98;29;84;.348;15;48;.308;15;37;.400;15;15;1.000;7;40;48;22;0;0;22;40;88
471;Matt Thomas;SG;25;TOR;41;1;440;60;123;.487;38;81;.475;21;42;.510;7;10;.750;7;43;50;18;8;1;13;31;165
472;Tristan Thompson;PF;28;CLE;57;51;1721;60;118;.512;2;5;.391;58;113;.518;21;34;.615;47;73;121;25;7;10;22;26;143
473;Sindarius Thornwell;SF;25;NOP;2;0;35;62;113;.545;21;41;.500;41;72;.571;21;41;.500;0;41;41;41;10;10;21;21;165
474;Matisse Thybulle;SG;22;PHI;65;14;1287;31;74;.423;16;44;.357;16;30;.519;7;11;.610;12;18;30;22;26;13;14;39;85
475;Anthony Tolliver;PF;34;TOT;55;13;872;27;75;.357;20;60;.338;7;15;.432;9;12;.724;14;50;64;17;8;5;14;31;83
475;Anthony Tolliver;PF;34;POR;33;9;554;28;76;.368;19;58;.337;8;18;.464;8;12;.684;18;54;71;19;5;6;14;35;84
475;Anthony Tolliver;PF;34;SAC;9;0;82;13;75;.176;9;66;.133;4;9;.500;4;9;.500;9;40;48;13;18;4;18;26;40
475;Anthony Tolliver;PF;34;MEM;13;4;236;29;73;.396;26;63;.415;3;11;.286;11;12;.875;8;43;50;15;11;2;14;21;95
476;Juan Toscano-Anderson;SG;26;GSW;13;6;272;38;83;.460;11;30;.348;28;53;.525;4;7;.600;12;57;69;34;17;7;21;40;91
477;Karl-Anthony Towns;C;24;MIN;35;35;1187;96;189;.508;35;84;.412;61;105;.586;55;69;.796;29;86;115;46;10;13;33;35;281
478;Gary Trent Jr.;SF;21;POR;61;8;1332;53;119;.444;30;72;.418;23;47;.486;10;12;.822;7;20;27;16;13;4;6;24;146
479;Allonzo Trier;SG;24;NYK;24;1;291;63;131;.481;24;66;.358;40;66;.604;42;53;.791;7;28;36;35;4;5;27;36;192
480;P.J. Tucker;PF;34;HOU;72;72;2467;26;62;.415;16;44;.358;10;19;.551;6;7;.813;16;53;69;17;11;5;11;33;73
481;Rayjon Tucker;SG;22;UTA;20;0;161;45;96;.465;7;38;.176;38;58;.654;42;51;.826;7;38;45;11;2;2;18;22;139
482;Evan Turner;SG;31;ATL;19;0;251;36;96;.373;0;7;.000;36;89;.403;17;20;.857;11;43;55;55;13;11;37;29;89
483;Myles Turner;C;23;IND;62;62;1826;53;116;.457;17;49;.344;36;66;.540;25;33;.751;17;63;80;14;9;26;17;33;148
484;Jarrod Uthoff;PF;26;TOT;7;0;53;48;122;.389;20;61;.333;27;61;.444;14;14;1.000;14;27;41;0;7;0;0;14;129
484;Jarrod Uthoff;PF;26;MEM;4;0;14;26;180;.143;0;103;.000;26;77;.333;51;51;1.000;26;0;26;0;26;0;0;26;103
484;Jarrod Uthoff;PF;26;WAS;3;0;39;55;102;.545;28;46;.600;28;55;.500;0;0;;9;37;46;0;0;0;0;9;138
485;Jonas Valančiūnas;C;27;MEM;70;70;1845;84;144;.585;6;18;.352;78;126;.617;29;39;.740;42;112;154;26;6;15;25;36;204
486;Denzel Valentine;SF;26;CHI;36;5;488;72;175;.409;34;101;.336;38;74;.510;4;6;.750;7;48;55;32;19;4;19;38;181
487;Jarred Vanderbilt;PF;20;TOT;11;0;46;39;63;.625;0;8;.000;39;55;.714;16;16;1.000;23;47;70;16;23;8;55;47;94
487;Jarred Vanderbilt;PF;20;DEN;9;0;41;44;61;.714;0;0;;44;61;.714;0;0;;26;44;70;18;26;9;61;53;88
487;Jarred Vanderbilt;PF;20;MIN;2;0;5;0;72;.000;0;72;.000;0;0;;144;144;1.000;0;72;72;0;0;0;0;0;144
488;Fred VanVleet;SG;25;TOR;54;54;1928;60;144;.413;27;70;.390;32;75;.434;31;37;.848;3;35;38;67;19;3;23;25;178
489;Gabe Vincent;PG;23;MIA;9;0;83;35;160;.216;26;117;.222;9;43;.200;0;0;;0;22;22;26;22;0;4;26;95
490;Noah Vonleh;C;24;TOT;36;1;377;50;88;.565;3;14;.200;47;74;.636;24;31;.781;35;83;118;27;11;6;20;38;126
490;Noah Vonleh;C;24;MIN;29;1;347;49;89;.547;2;15;.143;47;75;.625;24;29;.821;35;85;120;27;11;6;20;37;123
490;Noah Vonleh;C;24;DEN;7;0;30;60;72;.833;12;12;1.000;48;60;.800;24;48;.500;36;60;96;24;0;0;24;48;156
491;Nikola Vučević;C;29;ORL;62;62;1998;89;186;.477;18;52;.339;71;134;.531;24;30;.784;25;96;121;40;10;8;16;24;219
492;Dean Wade;PF;23;CLE;12;0;71;46;66;.692;10;20;.500;35;46;.778;0;5;.000;15;81;96;10;10;20;15;41;101
493;Moritz Wagner;C;22;WAS;45;5;835;63;115;.545;11;34;.313;52;80;.645;34;41;.821;24;70;94;24;12;8;28;66;169
494;Dion Waiters;SG;28;TOT;10;0;207;71;172;.414;26;82;.319;45;90;.500;24;30;.824;3;38;42;35;7;10;28;37;193
494;Dion Waiters;SG;28;MIA;3;0;42;86;223;.385;69;146;.471;17;77;.222;0;9;.000;0;94;94;26;0;17;26;43;240
494;Dion Waiters;SG;28;LAL;7;0;165;68;159;.425;15;65;.233;52;94;.558;31;35;.875;4;24;28;37;9;9;28;35;181
495;Kemba Walker;PG;29;BOS;56;56;1742;78;184;.425;37;98;.381;41;86;.476;43;50;.864;7;37;45;55;10;6;24;19;237
496;Lonnie Walker;SG;21;SAS;61;12;988;55;130;.426;15;37;.406;40;93;.434;16;22;.721;8;42;51;25;12;5;16;28;142
497;Tyrone Wallace;SG;25;ATL;14;0;160;32;99;.318;2;34;.067;29;65;.448;25;38;.647;7;43;50;29;16;2;23;43;90
498;Derrick Walton;PG;24;TOT;26;1;248;26;57;.462;15;35;.417;12;22;.533;10;13;.778;3;20;23;39;10;0;7;30;77
498;Derrick Walton;PG;24;LAC;23;1;222;28;58;.472;15;34;.429;13;24;.533;11;15;.778;3;21;24;36;6;0;6;31;81
498;Derrick Walton;PG;24;DET;3;0;26;14;42;.333;14;42;.333;0;0;;0;0;;0;14;14;69;42;0;14;28;42
499;Brad Wanamaker;PG;30;BOS;71;1;1369;43;95;.448;10;27;.363;33;68;.481;33;36;.926;6;32;38;47;16;4;20;35;128
500;T.J. Warren;SF;26;IND;67;67;2202;87;163;.536;15;37;.403;72;126;.575;27;33;.819;11;35;46;16;13;6;14;31;217
501;P.J. Washington;PF;21;CHO;58;57;1759;55;121;.455;18;47;.374;37;73;.507;18;28;.647;12;53;65;25;10;9;19;32;145
502;Yuta Watanabe;SF;25;MEM;18;0;105;51;117;.441;10;27;.375;41;89;.462;10;27;.375;24;45;69;17;17;3;7;31;123
503;Tremont Waters;PG;22;BOS;11;1;119;42;148;.286;12;73;.167;30;76;.400;24;24;1.000;0;36;36;48;30;6;45;39;121
504;Paul Watson;SF;25;TOT;10;0;87;41;108;.385;17;50;.333;25;58;.429;29;37;.778;8;62;70;33;17;4;12;21;128
504;Paul Watson;SF;25;ATL;2;0;17;0;148;.000;0;64;.000;0;85;.000;0;0;;0;42;42;64;21;0;0;21;0
504;Paul Watson;SF;25;TOR;8;0;70;51;98;.526;21;46;.444;31;51;.600;36;46;.778;10;67;77;26;15;5;15;21;159
505;Quinndary Weatherspoon;SG;23;SAS;11;0;78;23;78;.294;5;23;.200;18;55;.333;5;9;.500;5;28;32;51;14;5;23;37;55
506;Russell Westbrook;PG;31;HOU;57;57;2049;106;225;.472;10;37;.258;96;188;.514;51;67;.763;18;62;79;70;16;4;45;35;273
507;Coby White;PG;19;CHI;65;1;1674;67;170;.394;29;81;.354;38;89;.430;22;28;.791;6;43;49;38;11;1;23;25;185
508;Derrick White;SG;25;SAS;68;20;1677;54;118;.458;17;46;.366;37;72;.518;39;45;.853;8;40;48;52;9;13;19;33;164
509;Hassan Whiteside;C;30;POR;67;61;2008;78;126;.621;1;1;.571;77;125;.622;29;43;.686;46;116;162;14;5;35;22;35;186
510;Andrew Wiggins;SF;24;TOT;54;54;1858;85;189;.447;22;65;.332;63;125;.506;37;52;.709;13;40;53;38;9;10;26;25;228
510;Andrew Wiggins;SF;24;MIN;42;42;1455;87;195;.444;23;68;.331;64;127;.505;37;51;.720;12;42;54;38;7;9;26;25;233
510;Andrew Wiggins;SF;24;GSW;12;12;403;77;168;.457;18;53;.339;59;115;.512;37;54;.672;16;33;49;38;14;15;22;23;208
511;Grant Williams;PF;21;BOS;69;5;1043;30;73;.412;8;33;.250;22;40;.548;13;19;.722;20;41;61;23;10;12;17;56;82
512;Johnathan Williams;PF;24;WAS;15;6;180;38;68;.559;0;4;.000;38;64;.594;14;26;.538;48;80;128;16;2;16;10;32;90
513;Kenrich Williams;PF;25;NOP;39;18;832;22;64;.347;11;42;.258;11;22;.520;4;11;.346;22;58;80;25;12;9;10;38;59
514;Lou Williams;PG;33;LAC;65;8;1864;76;181;.418;21;61;.352;54;120;.451;56;65;.861;6;33;39;70;8;2;35;15;229
515;Marvin Williams;PF;33;TOT;58;1;1129;38;85;.446;18;50;.359;20;35;.568;16;18;.860;10;49;58;19;11;10;11;33;109
515;Marvin Williams;PF;33;CHO;41;1;808;42;94;.448;20;52;.376;22;41;.538;19;22;.860;7;42;49;18;12;10;11;32;123
515;Marvin Williams;PF;33;MIL;17;0;321;28;64;.439;13;44;.308;15;20;.722;7;8;.857;17;66;83;21;11;9;9;36;76
516;Robert Williams;C;22;BOS;29;1;388;59;82;.727;0;0;;59;82;.727;20;32;.647;37;82;119;25;20;32;19;47;139
517;Nigel Williams-Goss;PG;25;UTA;10;0;50;36;115;.313;14;50;.286;22;65;.333;14;14;1.000;14;29;43;43;22;7;22;43;101
518;Zion Williamson;PF;19;NOP;24;24;668;113;194;.583;3;8;.429;110;186;.590;61;96;.640;34;46;81;27;9;5;32;23;291
519;D.J. Wilson;PF;23;MIL;37;1;363;52;131;.394;18;72;.247;34;59;.576;11;18;.611;12;79;91;25;3;5;19;33;132
520;Justise Winslow;SG;23;MIA;11;5;352;51;132;.388;6;28;.222;45;104;.431;18;28;.667;16;58;75;45;7;5;25;39;127
521;Christian Wood;PF;24;DET;62;12;1325;78;138;.567;15;38;.386;64;100;.636;49;66;.744;28;78;106;16;9;15;23;27;220
522;Delon Wright;PG;27;DAL;73;5;1570;44;94;.462;11;29;.370;33;65;.504;18;23;.770;16;48;64;56;19;5;17;21;116
523;Justin Wright-Foreman;PG;22;UTA;4;0;45;56;160;.350;16;80;.200;40;80;.500;24;32;.750;0;40;40;56;16;0;24;40;152
524;Thaddeus Young;PF;31;CHI;64;16;1591;61;136;.448;18;50;.356;43;86;.501;10;16;.583;21;50;71;26;21;5;23;30;149
525;Trae Young;PG;21;ATL;60;60;2120;93;212;.437;35;96;.361;58;116;.501;82;95;.860;5;38;43;95;11;1;49;18;302
526;Cody Zeller;C;27;CHO;58;39;1341;67;129;.524;5;20;.240;63;108;.577;33;48;.682;43;67;110;24;11;7;20;38;172
527;Tyler Zeller;C;30;SAS;2;0;4;90;360;.250;0;0;;90;360;.250;0;0;;270;90;360;0;0;0;0;0;180
528;Ante Žižić;C;23;CLE;22;0;221;67;117;.569;0;0;;67;117;.569;23;31;.737;29;78;108;10;11;8;16;44;156
529;Ivica Zubac;C;22;LAC;72;70;1326;64;105;.613;0;1;.000;64;104;.616;34;45;.747;53;94;147;22;4;18;17;46;162
