Rk;Player;Pos;Age;Tm;G;MP;PER;TS%;3PAr;FTr;ORB%;DRB%;TRB%;AST%;STL%;BLK%;TOV%;USG%;Column1;OWS;DWS;WS;WS/48;2;OBPM;DBPM;BPM;VORP
1;Steven Adams;C;26;OKC;63;1680;205;.604;.006;.421;140;240;192;132;15;34;142;173;;38;27;65;.185;;19;11;29;21
2;Bam Adebayo;PF;22;MIA;72;2417;203;.598;.018;.484;85;249;170;242;17;38;176;212;;46;39;85;.168;;14;20;34;33
3;LaMarcus Aldridge;C;34;SAS;53;1754;197;.571;.198;.241;63;178;120;114;10;44;78;234;;30;14;45;.122;;18;-5;14;15
4;Kyle Alexander;C;23;MIA;2;13;47;.500;.000;.000;179;83;129;0;0;0;333;102;;0;0;0;-0.003;;-61;-35;-96;0
5;Nickeil Alexander-Walker;SG;21;NOP;47;591;89;.473;.500;.139;16;135;75;211;13;11;161;233;;-7;4;-2;-0.020;;-32;-14;-46;-4
6;Grayson Allen;SG;24;MEM;38;718;120;.609;.562;.179;12;111;62;100;7;2;109;176;;8;4;12;.082;;-1;-12;-13;1
7;Jarrett Allen;C;21;BRK;70;1852;207;.664;.013;.581;123;249;187;89;10;42;117;149;;52;29;82;.212;;14;10;23;20
8;Kadeem Allen;PG;27;NYK;10;117;140;.512;.364;.250;18;66;41;270;21;16;141;206;;1;1;1;.053;;-1;-6;-7;0
9;Al-Farouq Aminu;PF;29;ORL;18;380;76;.395;.419;.337;66;184;123;74;23;19;147;132;;-4;5;1;.014;;-44;14;-30;-1
10;Justin Anderson;SG;26;BRK;10;107;32;.352;.763;.105;10;189;102;101;0;47;91;171;;-2;1;-1;-0.054;;-68;-9;-77;-2
11;Kyle Anderson;SF;26;MEM;67;1330;125;.534;.257;.236;47;176;113;159;19;24;153;135;;9;17;25;.091;;-15;20;5;9
12;Ryan Anderson;C;31;HOU;2;14;94;.357;.714;.000;0;529;262;204;33;0;125;237;;0;0;0;-0.037;;-33;5;-28;0
13;Giannis Antetokounmpo;PF;25;MIL;63;1917;319;.613;.237;.508;77;348;221;342;15;30;132;375;;61;50;111;.279;;74;41;115;66
14;Kostas Antetokounmpo;PF;22;LAL;5;20;163;.902;.000;.667;111;54;82;137;0;0;205;103;;1;0;1;.193;;2;-9;-7;0
15;Thanasis Antetokounmpo;SF;27;MIL;20;129;122;.496;.208;.354;98;87;92;163;25;14;178;216;;-1;2;2;.070;;-46;14;-32;0
16;Carmelo Anthony;PF;35;POR;58;1902;124;.525;.289;.206;40;161;101;64;12;12;105;212;;4;9;13;.033;;-18;-18;-36;-8
17;OG Anunoby;SF;22;TOR;69;2066;132;.600;.403;.180;42;142;93;75;22;21;115;143;;21;37;57;.134;;-8;19;12;17
18;Ryan Arcidiacono;PG;25;CHI;58;930;90;.551;.627;.173;23;112;65;143;14;3;135;125;;7;7;14;.071;;-27;-1;-28;-2
19;Trevor Ariza;SF;34;TOT;53;1493;110;.593;.639;.228;25;157;90;80;22;9;136;118;;13;12;25;.081;;-14;9;-5;5
19;Trevor Ariza;SF;34;SAC;32;791;94;.543;.739;.164;29;182;104;83;21;8;137;112;;3;8;11;.066;;-19;13;-7;3
19;Trevor Ariza;SF;34;POR;21;702;128;.643;.535;.296;20;128;74;76;23;10;135;125;;10;4;14;.098;;-9;4;-4;3
20;D.J. Augustin;PG;32;ORL;57;1420;140;.554;.436;.393;16;78;46;268;12;1;137;191;;20;9;29;.098;;-3;-13;-16;2
21;Deandre Ayton;C;21;PHO;38;1236;200;.568;.023;.157;130;263;196;97;10;41;116;237;;15;16;31;.121;;8;-4;4;7
22;Dwayne Bacon;SG;24;CHO;39;687;61;.419;.275;.217;23;140;79;117;17;3;122;195;;-12;4;-8;-0.053;;-59;-9;-68;-8
23;Marvin Bagley III;C;20;SAC;13;334;156;.512;.132;.186;95;235;163;49;9;34;91;258;;0;3;4;.051;;-22;-13;-35;-1
24;Lonzo Ball;PG;22;NOP;63;2025;131;.517;.575;.111;37;164;100;291;20;16;211;185;;4;20;24;.058;;1;6;6;13
25;Mo Bamba;C;21;ORL;62;878;175;.542;.374;.161;119;256;185;72;13;88;121;171;;8;17;25;.135;;-12;16;4;5
26;J.J. Barea;PG;35;DAL;29;450;146;.512;.411;.106;24;99;62;371;5;4;149;242;;5;2;7;.072;;16;-30;-14;1
27;Harrison Barnes;PF;27;SAC;72;2482;133;.574;.338;.337;34;129;81;92;8;5;88;174;;34;11;46;.088;;0;-13;-13;5
28;RJ Barrett;SG;19;NYK;56;1704;107;.479;.271;.349;30;148;87;128;16;9;129;240;;-16;11;-5;-0.015;;-29;-15;-43;-10
29;Will Barton;SF;29;DEN;58;1916;156;.549;.390;.180;45;169;107;160;16;14;99;201;;24;18;42;.106;;12;-2;11;15
30;Keita Bates-Diop;PF-SF;24;TOT;44;744;124;.539;.440;.321;35;151;91;58;12;27;60;158;;6;6;12;.078;;-10;-4;-14;1
30;Keita Bates-Diop;PF;24;MIN;37;646;125;.535;.456;.316;33;151;90;67;12;26;56;158;;6;5;10;.077;;-8;-1;-9;2
30;Keita Bates-Diop;SF;24;DEN;7;98;121;.571;.321;.357;46;148;97;0;10;38;85;157;;1;1;2;.084;;-22;-27;-49;-1
31;Nicolas Batum;SF;31;CHO;22;505;92;.463;.605;.123;52;168;108;183;17;15;205;94;;2;4;6;.055;;-28;9;-19;0
32;Aron Baynes;C;33;PHO;42;934;152;.581;.441;.197;83;200;141;109;5;21;108;211;;13;8;21;.107;;-2;-8;-10;2
33;Kent Bazemore;SF;30;TOT;68;1688;93;.499;.457;.275;17;171;94;74;21;21;132;175;;-9;15;6;.017;;-34;3;-31;-5
33;Kent Bazemore;SF;30;POR;43;1111;75;.475;.525;.221;12;148;81;71;19;24;144;159;;-10;8;-2;-0.008;;-36;4;-32;-3
33;Kent Bazemore;SF;30;SAC;25;577;126;.533;.351;.361;27;216;119;80;24;15;114;204;;1;7;8;.065;;-30;3;-28;-1
34;Darius Bazley;PF;19;OKC;61;1130;96;.497;.445;.196;30;205;120;51;10;31;116;151;;-5;15;10;.041;;-21;5;-16;1
35;Bradley Beal;SG;26;WAS;57;2053;232;.579;.369;.351;27;105;64;295;16;10;114;344;;45;6;51;.118;;53;-24;29;25
36;Malik Beasley;SG;23;TOT;55;1209;127;.546;.517;.124;16;119;67;94;16;6;92;218;;4;8;12;.049;;-7;-14;-21;0
36;Malik Beasley;SG;23;DEN;41;746;105;.511;.535;.126;14;102;58;91;21;7;102;206;;-2;6;5;.030;;-22;-7;-29;-2
36;Malik Beasley;SG;23;MIN;14;463;162;.591;.494;.120;20;147;81;98;9;4;79;237;;5;2;8;.079;;17;-24;-7;2
37;Marco Belinelli;SG;33;SAS;57;883;108;.532;.567;.185;9;112;60;107;6;1;53;175;;7;2;8;.046;;-7;-20;-27;-2
38;Jordan Bell;C;25;TOT;29;256;139;.577;.179;.463;120;218;167;89;5;32;207;164;;2;2;4;.070;;-14;-11;-25;0
38;Jordan Bell;C;25;MIN;27;235;141;.570;.150;.483;121;233;175;86;4;35;198;159;;2;2;4;.072;;-15;-11;-26;0
38;Jordan Bell;C;25;MEM;2;21;126;.635;.429;.286;102;49;75;129;22;0;276;216;;0;0;0;.047;;-5;-10;-15;0
39;DeAndre' Bembry;SG;25;ATL;43;915;96;.500;.285;.211;40;141;89;123;28;17;194;140;;-5;8;2;.012;;-35;11;-25;-1
40;Dragan Bender;PF-C;22;TOT;16;286;109;.545;.467;.152;59;211;135;144;7;28;176;177;;0;3;3;.052;;-30;1;-30;-1
40;Dragan Bender;C;22;MIL;7;91;84;.582;.429;.143;0;205;109;125;0;48;183;124;;0;2;2;.105;;-44;30;-14;0
40;Dragan Bender;PF;22;GSW;9;195;121;.534;.479;.155;86;213;147;152;10;18;174;201;;0;1;1;.027;;-24;-12;-37;-1
41;Dāvis Bertāns;PF;27;WAS;54;1583;155;.628;.774;.200;23;151;85;84;11;18;82;190;;30;5;35;.107;;27;-18;9;11
42;Patrick Beverley;PG;31;LAC;51;1342;125;.560;.604;.138;45;158;103;182;19;16;154;133;;16;20;36;.128;;-3;25;22;14
43;Khem Birch;C;27;ORL;48;922;117;.566;.007;.706;103;156;129;73;11;23;142;102;;12;9;22;.112;;-25;2;-24;-1
44;Goga Bitadze;C;20;IND;54;471;121;.523;.280;.220;59;187;123;67;10;69;145;179;;-1;8;7;.067;;-41;18;-23;0
45;Bismack Biyombo;C;27;CHO;53;1029;161;.570;.000;.543;123;207;163;78;5;44;122;168;;15;9;24;.113;;-18;-7;-25;-1
46;Nemanja Bjelica;PF;31;SAC;72;2011;157;.602;.490;.129;61;199;128;147;15;19;125;170;;34;19;53;.127;;12;5;17;19
47;Eric Bledsoe;PG;30;MIL;61;1646;176;.571;.306;.304;28;135;85;287;16;14;157;237;;24;30;54;.157;;8;11;18;16
48;Bogdan Bogdanović;SG;27;SAC;61;1766;151;.565;.576;.151;16;118;66;180;18;8;111;226;;18;13;31;.084;;12;-5;6;12
49;Bojan Bogdanović;SF;30;UTA;63;2083;156;.603;.489;.296;21;112;68;100;8;3;131;255;;26;16;42;.096;;16;-15;1;11
50;Bol Bol;PF;20;DEN;7;87;144;.617;.321;.357;64;180;122;98;11;64;236;212;;0;1;1;.063;;-21;-7;-29;0
51;Jonah Bolden;C;24;TOT;7;47;49;.392;.364;.364;70;143;106;0;30;37;136;134;;-1;1;0;-0.006;;-87;-1;-88;-1
51;Jonah Bolden;C;24;PHI;4;14;-20;.515;.333;.667;0;79;39;0;35;0;340;181;;-1;0;0;-0.150;;-139;-7;-145;0
51;Jonah Bolden;C;24;PHO;3;33;79;.338;.375;.250;100;170;135;0;29;53;0;114;;0;1;0;.054;;-65;2;-63;0
52;Marques Bolden;C;21;CLE;1;3;198;;;;0;747;370;0;162;0;;0;;0;0;0;.282;;-59;113;54;0
53;Jordan Bone;PG;22;DET;10;53;8;.300;.500;.000;0;87;43;210;9;0;91;181;;-1;0;-1;-0.117;;-91;-28;-119;-1
54;Isaac Bonga;SF;20;WAS;66;1250;102;.608;.303;.363;60;138;97;79;17;15;176;110;;12;6;18;.068;;-27;-1;-28;-3
55;Devin Booker;SG;23;PHO;70;2512;206;.618;.310;.397;13;120;66;300;9;6;149;300;;60;15;75;.143;;34;-13;22;26
56;Chris Boucher;C;27;TOR;62;819;207;.587;.395;.388;141;214;179;48;13;73;74;197;;21;18;38;.224;;10;10;20;8
57;Brian Bowen;SF;21;IND;6;31;1;.300;.200;.000;36;210;124;0;0;28;91;156;;-1;0;-1;-0.107;;-91;-16;-107;-1
58;Ky Bowman;PG;22;GSW;45;1015;91;.494;.333;.128;25;107;65;194;21;9;171;172;;-6;6;-1;-0.003;;-40;-3;-43;-6
59;Avery Bradley;SG;29;LAL;49;1186;89;.537;.452;.063;17;89;53;72;17;4;107;157;;2;14;15;.062;;-30;5;-25;-2
60;Tony Bradley;C;22;UTA;58;663;217;.681;.016;.243;191;250;222;54;10;41;125;158;;22;11;33;.236;;10;3;13;6
61;Jarrell Brantley;PF;23;UTA;9;96;80;.416;.464;.071;24;199;115;158;15;43;195;163;;-2;1;0;-0.006;;-53;7;-46;-1
62;Ignas Brazdeikis;SF;21;NYK;9;53;32;.351;.409;.227;39;62;50;106;0;18;76;210;;-1;0;-1;-0.108;;-51;-39;-90;-1
63;Corey Brewer;PF;33;SAC;5;33;87;.470;.250;.750;67;210;136;77;59;0;273;96;;0;1;0;.064;;-69;38;-31;0
64;Mikal Bridges;SF;23;PHO;73;2042;129;.620;.401;.252;35;124;79;86;24;20;120;127;;25;23;48;.113;;-6;15;8;15
65;Miles Bridges;SF;21;CHO;65;1995;121;.520;.398;.174;46;156;99;94;10;22;105;200;;3;13;16;.039;;-15;-10;-25;-3
66;Oshae Brissett;SF;21;TOR;19;135;67;.458;.417;.278;72;130;102;70;14;7;148;150;;-1;2;1;.043;;-58;4;-54;-1
67;Ryan Broekhoff;SF;29;DAL;17;180;131;.568;.864;.136;30;219;125;83;13;19;88;163;;2;2;4;.109;;4;3;7;1
68;Malcolm Brogdon;PG;27;IND;54;1666;177;.541;.309;.250;31;141;86;338;10;5;137;252;;23;17;40;.114;;23;-5;18;16
69;Dillon Brooks;SG;24;MEM;73;2112;113;.510;.385;.190;35;86;61;105;14;11;97;252;;-4;16;12;.027;;-26;-14;-41;-11
70;Bruce Brown;PG;23;DET;58;1634;119;.518;.215;.266;42;150;95;204;19;15;167;160;;7;14;21;.062;;-20;8;-12;3
71;Charlie Brown;SG;22;ATL;10;40;110;.472;.474;.263;53;55;54;73;23;42;124;251;;0;0;0;-0.028;;-11;-14;-25;0
72;Jaylen Brown;SG;23;BOS;57;1934;169;.583;.381;.274;35;165;101;97;16;10;112;247;;23;26;49;.123;;10;-2;8;14
73;Moses Brown;C;20;POR;9;33;67;.407;.000;.800;96;345;222;40;14;26;182;212;;-1;0;0;-0.065;;-82;-18;-100;-1
74;Sterling Brown;SF;24;MIL;52;767;95;.486;.531;.156;43;185;118;86;17;8;133;170;;-4;15;11;.070;;-30;10;-20;0
75;Troy Brown Jr.;SF;20;WAS;69;1782;137;.524;.288;.223;45;196;117;141;22;3;104;178;;13;12;24;.065;;-8;-4;-13;3
76;Jalen Brunson;PG;23;DAL;57;1022;149;.553;.309;.193;23;113;69;270;10;3;136;204;;16;6;21;.101;;1;-10;-9;3
77;Thomas Bryant;C;22;WAS;46;1147;211;.649;.218;.278;90;231;158;111;10;37;102;189;;31;8;39;.164;;29;-7;22;12
78;Reggie Bullock;SG;28;NYK;29;684;93;.502;.496;.094;20;88;53;88;18;4;75;156;;2;3;5;.036;;-28;-3;-30;-2
79;Trey Burke;PG;27;TOT;33;520;156;.548;.359;.139;34;70;52;237;15;3;87;200;;10;4;13;.123;;8;-10;-2;2
79;Trey Burke;PG;27;PHI;25;329;154;.545;.299;.142;50;67;59;239;10;3;82;192;;6;2;9;.127;;7;-12;-5;1
79;Trey Burke;PG;27;DAL;8;191;160;.553;.451;.134;6;76;41;232;23;4;94;214;;3;2;5;.117;;10;-8;2;1
80;Alec Burks;SF-SG;28;TOT;66;1754;167;.561;.392;.345;29;149;87;172;17;9;93;238;;25;12;37;.101;;12;-7;5;11
80;Alec Burks;SF;28;GSW;48;1390;161;.552;.373;.373;28;153;88;174;17;11;98;238;;16;9;25;.085;;7;-6;1;7
80;Alec Burks;SG;28;PHI;18;364;190;.594;.461;.246;33;137;85;163;16;0;75;237;;9;4;12;.161;;31;-11;20;4
81;Deonte Burton;SF;26;OKC;39;356;43;.396;.424;.112;22;151;88;68;10;24;127;185;;-9;4;-5;-0.067;;-63;-5;-68;-4
82;Jimmy Butler;SF;30;MIA;58;1959;236;.585;.157;.693;63;154;110;281;26;16;114;251;;63;27;90;.221;;40;15;54;37
83;Bruno Caboclo;C;24;TOT;30;244;141;.484;.371;.101;100;158;129;68;29;61;123;180;;0;4;4;.076;;-30;9;-21;0
83;Bruno Caboclo;C;24;MEM;22;192;119;.441;.362;.043;95;145;121;71;24;55;91;168;;-1;3;2;.053;;-34;7;-27;0
83;Bruno Caboclo;C;24;HOU;8;52;221;.618;.400;.300;120;203;161;59;44;82;209;228;;0;1;2;.162;;-14;16;2;0
84;Devontae Cacok;C;23;LAL;1;9;286;.500;.000;.000;246;361;304;203;0;0;0;281;;0;0;0;.226;;48;-46;2;0
85;Kentavious Caldwell-Pope;SG;26;LAL;69;1762;110;.584;.471;.201;24;64;44;85;15;7;101;147;;19;19;37;.102;;-12;4;-8;5
86;Vlatko Čančar;PF;22;DEN;14;45;114;.507;.400;.267;125;124;124;91;11;21;152;191;;0;0;1;.062;;-34;-12;-46;0
87;Clint Capela;C;25;HOU;39;1279;206;.626;.000;.268;136;305;220;57;12;48;127;161;;28;21;49;.184;;10;4;14;11
88;DeMarre Carroll;SF-C;33;TOT;24;290;91;.515;.500;.636;44;158;101;112;13;15;168;148;;0;2;3;.045;;-31;-7;-39;-1
88;DeMarre Carroll;SF;33;SAS;15;135;49;.437;.448;.690;56;192;124;101;7;13;209;153;;-2;1;-1;-0.036;;-59;-11;-70;-2
88;DeMarre Carroll;C;33;HOU;9;155;128;.578;.541;.595;33;130;81;122;18;17;130;143;;2;2;4;.114;;-7;-4;-11;0
89;Jevon Carter;PG;24;PHO;58;945;113;.563;.601;.111;35;105;69;119;24;16;112;129;;8;10;18;.093;;-7;13;6;6
90;Vince Carter;PF;43;ATL;60;876;75;.470;.664;.095;22;132;76;77;12;24;94;166;;-6;4;-2;-0.011;;-31;-12;-43;-5
91;Wendell Carter Jr.;C;20;CHI;43;1256;155;.590;.085;.443;116;246;178;60;13;27;149;164;;17;16;33;.127;;-21;-3;-24;-1
92;Michael Carter-Williams;SG;28;ORL;45;833;153;.535;.288;.365;58;135;95;191;29;24;147;183;;7;12;19;.111;;-15;16;1;5
93;Alex Caruso;PG;25;LAL;64;1175;108;.525;.412;.323;16;98;57;136;28;14;138;138;;5;18;23;.095;;-26;24;-2;5
94;Willie Cauley-Stein;C;26;TOT;54;1097;170;.589;.003;.219;80;233;155;99;21;50;108;144;;15;15;29;.128;;-12;17;5;7
94;Willie Cauley-Stein;C;26;GSW;41;940;162;.573;.000;.222;79;220;147;99;23;48;110;144;;10;12;22;.113;;-16;16;0;5
94;Willie Cauley-Stein;C;26;DAL;13;157;222;.684;.022;.200;88;310;201;96;12;60;93;147;;5;3;7;.222;;9;22;31;2
95;Tyson Chandler;C;37;HOU;26;219;108;.717;.000;.722;118;198;158;35;13;31;252;60;;3;3;6;.131;;-26;11;-15;0
96;Wilson Chandler;PF;32;BRK;35;734;74;.531;.661;.126;16;185;102;73;10;14;150;129;;-1;9;7;.046;;-38;10;-27;-1
97;Joe Chealey;PG;24;CHO;4;33;-29;.127;.571;.286;0;0;0;39;61;0;202;132;;-2;0;-1;-0.188;;-143;17;-125;-1
98;Zylan Cheatham;PF;24;NOP;4;51;67;.667;.111;.000;62;125;94;77;9;16;308;104;;0;0;0;.034;;-65;-6;-71;-1
99;Chris Chiozza;PG;24;TOT;28;401;120;.499;.514;.036;24;116;69;294;25;9;184;181;;0;4;5;.055;;-16;5;-12;1
99;Chris Chiozza;PG;24;WAS;10;123;92;.397;.471;.000;0;139;67;292;38;14;209;145;;-1;1;0;-0.001;;-36;22;-15;0
99;Chris Chiozza;PG;24;BRK;18;278;132;.531;.528;.047;34;106;71;295;19;6;175;197;;2;3;5;.080;;-8;-3;-11;1
100;Marquese Chriss;PF;22;GSW;59;1196;195;.604;.101;.405;100;236;165;153;16;47;147;190;;21;13;34;.136;;0;6;6;8
101;Gary Clark;SF-PF;25;TOT;42;567;107;.568;.835;.075;68;140;103;41;5;34;68;110;;7;5;12;.100;;-9;-10;-19;0
101;Gary Clark;PF;25;HOU;18;212;118;.564;.864;.119;54;145;99;77;4;28;31;125;;4;2;5;.123;;3;-9;-6;1
101;Gary Clark;SF;25;ORL;24;355;101;.571;.811;.041;76;138;106;19;5;38;96;101;;3;3;6;.087;;-17;-10;-27;-1
102;Brandon Clarke;PF;23;MEM;58;1300;209;.663;.134;.234;76;201;140;95;11;32;94;187;;34;16;50;.183;;24;7;31;17
103;Jordan Clarkson;SG;27;TOT;71;1705;173;.574;.476;.190;33;87;61;132;13;8;94;263;;24;10;34;.096;;24;-13;11;13
103;Jordan Clarkson;SG;27;CLE;29;666;186;.581;.488;.264;35;81;58;170;12;10;97;259;;14;1;15;.107;;41;-14;27;8
103;Jordan Clarkson;SG;27;UTA;42;1039;165;.569;.470;.146;32;91;63;108;14;6;92;267;;10;9;19;.089;;13;-12;1;5
104;Nicolas Claxton;C;20;BRK;15;187;148;.577;.146;.438;107;136;122;124;3;36;136;148;;3;2;5;.121;;-7;0;-6;1
105;Chris Clemons;SG;22;HOU;33;291;131;.548;.754;.077;14;94;54;143;14;18;115;236;;1;2;4;.058;;3;-13;-10;1
106;Antonius Cleveland;SG;25;DAL;11;46;25;.340;.214;.357;46;113;80;28;11;56;110;169;;-1;0;-1;-0.076;;-90;-10;-101;-1
107;Amir Coffey;SG;22;LAC;18;159;85;.493;.352;.204;27;76;52;123;15;11;120;176;;0;2;1;.041;;-42;1;-41;-1
108;John Collins;PF;22;ATL;41;1363;235;.659;.243;.248;90;240;164;76;11;41;101;227;;38;12;49;.174;;37;-6;31;17
109;Zach Collins;PF;22;POR;11;290;99;.538;.279;.118;91;157;124;72;8;15;164;125;;2;1;3;.052;;-17;-14;-31;-1
110;Mike Conley;PG;32;UTA;47;1363;141;.537;.451;.245;28;92;61;231;13;3;128;231;;14;11;25;.089;;7;-4;3;8
111;Pat Connaughton;SG;27;MIL;67;1243;115;.565;.551;.133;51;168;113;109;9;22;140;123;;11;23;34;.130;;-9;15;6;8
112;Quinn Cook;PG;26;LAL;44;508;100;.509;.397;.065;24;85;55;138;11;4;130;210;;-2;5;3;.030;;-23;-14;-38;-2
113;Tyler Cook;PF-SF;22;TOT;13;54;194;.741;.000;.667;123;166;144;29;27;0;162;147;;2;0;2;.182;;3;-7;-4;0
113;Tyler Cook;PF;22;CLE;11;35;239;.752;.000;.600;126;192;159;45;14;0;73;167;;2;0;2;.244;;29;-6;23;0
113;Tyler Cook;SF;22;DEN;2;19;113;.694;.000;1.000;118;118;118;0;52;0;410;112;;0;0;0;.069;;-45;-9;-54;0
114;Robert Covington;PF-C;29;TOT;70;2137;133;.559;.664;.172;30;202;114;59;25;37;117;170;;7;30;37;.083;;-12;13;0;11
114;Robert Covington;PF;29;MIN;48;1411;135;.572;.629;.190;26;195;107;59;26;26;120;178;;5;18;23;.078;;-12;12;0;7
114;Robert Covington;C;29;HOU;22;726;131;.531;.740;.132;39;217;127;61;22;57;111;154;;2;12;14;.094;;-12;13;1;4
115;Allen Crabbe;SG-SF;27;TOT;37;653;60;.470;.672;.079;18;110;63;68;11;5;85;127;;-2;2;-1;-0.007;;-38;-15;-53;-5
115;Allen Crabbe;SG;27;ATL;28;522;72;.482;.650;.084;20;115;67;73;13;6;75;127;;-1;1;1;.009;;-31;-11;-41;-3
115;Allen Crabbe;SF;27;MIN;9;131;11;.416;.765;.059;8;92;48;51;0;0;125;125;;-2;0;-2;-0.068;;-67;-32;-99;-3
116;Torrey Craig;SF;29;DEN;58;1072;108;.553;.513;.134;66;132;99;59;11;31;81;126;;11;9;20;.091;;-20;-3;-23;-1
117;Jamal Crawford;SG;39;BRK;1;6;332;.625;.500;.000;0;0;0;1000;0;0;0;279;;1;0;1;.492;;124;26;150;0
118;Jae Crowder;SF-PF;29;TOT;65;1875;125;.553;.700;.222;30;185;110;115;18;12;100;155;;16;22;38;.098;;-5;4;-1;9
118;Jae Crowder;SF;29;MEM;45;1322;110;.507;.667;.238;32;185;110;122;17;9;109;156;;5;14;19;.069;;-14;2;-12;3
118;Jae Crowder;PF;29;MIA;20;553;163;.669;.780;.183;25;185;108;97;22;18;78;153;;12;8;19;.169;;17;8;25;6
119;Jarrett Culver;SG;20;MIN;63;1506;96;.467;.388;.206;47;103;74;108;18;21;115;192;;-12;11;-1;-0.004;;-33;-7;-40;-8
120;Seth Curry;SG;29;DAL;64;1576;155;.643;.559;.169;18;78;48;116;12;5;91;184;;35;8;43;.130;;17;-9;8;12
121;Stephen Curry;PG;31;GSW;5;139;217;.557;.598;.317;30;178;101;423;17;13;146;336;;2;1;3;.103;;45;-6;39;2
122;Troy Daniels;SG;28;TOT;47;532;84;.518;.710;.086;25;82;54;43;10;5;59;163;;1;5;6;.056;;-17;-12;-29;-1
122;Troy Daniels;SG;28;LAL;41;456;90;.527;.709;.101;29;81;55;41;8;6;52;161;;2;4;7;.069;;-12;-11;-22;0
122;Troy Daniels;SG;28;DEN;6;76;53;.464;.714;.000;0;88;44;54;20;0;97;177;;-1;1;0;-0.025;;-48;-24;-72;-1
123;Anthony Davis;PF;26;LAL;62;2131;274;.610;.199;.479;74;221;148;151;20;60;104;293;;67;44;111;.250;;54;26;80;54
124;Ed Davis;C;30;UTA;28;303;95;.489;.000;.304;132;246;191;52;18;25;200;94;;2;5;6;.102;;-46;15;-32;-1
125;Terence Davis;SG;22;TOR;72;1209;138;.588;.555;.135;45;160;103;142;15;11;141;190;;12;19;31;.122;;1;7;8;8
126;Dewayne Dedmon;C;30;TOT;44;774;94;.473;.420;.141;85;276;178;40;15;48;174;181;;-10;10;1;.005;;-58;0;-58;-7
126;Dewayne Dedmon;C;30;SAC;34;541;85;.477;.415;.164;93;258;174;39;13;46;204;185;;-8;7;-1;-0.007;;-63;-1;-64;-6
126;Dewayne Dedmon;C;30;ATL;10;233;114;.463;.429;.095;64;318;189;43;20;54;103;174;;-2;3;2;.032;;-46;1;-45;-1
127;Matthew Dellavedova;PG;29;CLE;57;821;81;.463;.520;.211;24;78;51;290;12;2;236;130;;1;1;2;.011;;-36;-16;-52;-7
128;DeMar DeRozan;SF;30;SAS;68;2316;216;.603;.033;.430;20;154;87;261;14;8;116;263;;59;13;73;.151;;23;-4;19;23
129;Cheick Diallo;C;23;PHO;47;479;165;.688;.021;.275;69;237;152;69;11;22;167;170;;8;5;13;.132;;-11;-2;-13;1
130;Hamidou Diallo;SF;21;OKC;46;896;93;.491;.193;.213;56;147;103;59;20;9;136;184;;-7;11;4;.022;;-42;3;-39;-4
131;Gorgui Dieng;C;30;TOT;63;1096;171;.568;.418;.277;85;258;170;97;22;45;128;176;;13;17;29;.129;;-2;18;15;10
131;Gorgui Dieng;C;30;MIN;46;778;178;.563;.433;.213;95;258;174;111;22;45;127;184;;9;11;21;.129;;3;15;18;7
131;Gorgui Dieng;C;30;MEM;17;318;155;.583;.368;.483;61;260;162;63;21;47;132;159;;3;6;9;.130;;-15;25;10;2
132;Spencer Dinwiddie;PG;26;BRK;64;1994;178;.541;.392;.437;17;96;57;350;9;9;125;292;;32;16;48;.116;;27;-8;18;19
133;Donte DiVincenzo;SG;23;MIL;66;1520;141;.557;.484;.169;46;155;103;136;26;12;141;173;;10;32;43;.135;;-11;24;13;13
134;Luka Dončić;PG;20;DAL;61;2047;276;.585;.431;.448;41;250;147;457;15;6;148;368;;65;23;88;.207;;74;10;84;54
135;Luguentz Dort;SF;20;OKC;36;820;76;.506;.463;.243;33;75;55;46;18;4;84;141;;1;8;8;.049;;-41;4;-37;-4
136;Damyean Dotson;SG;25;NYK;48;836;109;.527;.562;.114;12;106;58;100;13;5;65;165;;6;4;9;.053;;-9;-5;-15;1
137;Sekou Doumbouya;PF;19;DET;38;754;62;.474;.415;.195;30;149;89;36;13;9;120;169;;-8;5;-3;-0.020;;-53;-14;-67;-9
138;PJ Dozier;SG;23;DEN;29;412;116;.495;.312;.185;27;122;75;216;17;13;137;208;;0;4;4;.044;;-26;-13;-39;-2
139;Goran Dragić;PG;33;MIA;59;1663;163;.573;.467;.340;20;102;63;292;12;6;148;259;;22;13;35;.102;;14;-16;-1;8
140;Andre Drummond;C;26;TOT;57;1879;220;.553;.045;.375;149;375;260;136;28;42;182;259;;6;36;42;.108;;-1;11;9;14
140;Andre Drummond;C;26;DET;49;1654;221;.550;.031;.376;153;382;266;140;29;42;180;255;;7;33;40;.116;;0;12;11;13
140;Andre Drummond;C;26;CLE;8;225;211;.573;.133;.371;117;324;220;108;26;42;192;287;;-1;3;3;.053;;-9;4;-4;1
141;Jared Dudley;PF;34;LAL;45;364;78;.558;.700;.033;18;137;78;95;20;7;116;80;;3;5;8;.102;;-28;20;-8;1
142;Kris Dunn;PG;25;CHI;51;1269;121;.510;.327;.158;19;149;81;194;38;13;157;146;;3;20;23;.085;;-37;31;-6;4
143;Carsen Edwards;SG;21;BOS;37;351;69;.444;.594;.148;19;124;72;93;17;11;99;184;;-3;4;1;.014;;-44;-2;-46;-2
144;Henry Ellenson;C;23;BRK;5;15;-13;.143;.571;.000;141;270;207;87;0;0;0;195;;-1;0;-1;-0.183;;-78;-31;-109;0
145;Wayne Ellington;SG;32;NYK;36;558;85;.509;.822;.075;7;120;62;110;11;7;91;150;;2;2;4;.035;;-19;-9;-29;-1
146;Joel Embiid;C;25;PHI;51;1506;258;.590;.215;.543;103;332;217;169;14;37;138;329;;33;27;60;.192;;37;10;47;25
147;James Ennis;SF-SG;29;TOT;69;1265;115;.565;.471;.273;61;153;106;70;13;15;126;157;;10;14;24;.090;;-22;-4;-26;-2
147;James Ennis;SF;29;PHI;49;776;123;.564;.469;.270;68;145;107;73;14;15;109;157;;9;9;17;.106;;-15;0;-15;1
147;James Ennis;SG;29;ORL;20;489;103;.566;.474;.278;49;164;105;65;12;15;153;156;;2;5;7;.064;;-33;-11;-44;-3
148;Drew Eubanks;C;22;SAS;22;272;173;.682;.015;.388;111;226;168;77;9;55;211;158;;5;3;8;.134;;-14;-3;-17;0
149;Jacob Evans;SG;22;TOT;29;418;55;.436;.291;.216;23;86;53;108;13;26;146;175;;-7;2;-5;-0.056;;-58;-13;-71;-5
149;Jacob Evans;SG;22;GSW;27;414;56;.439;.286;.218;23;87;54;109;13;26;146;176;;-6;2;-5;-0.054;;-57;-12;-70;-5
149;Jacob Evans;SG;22;MIN;2;4;-96;.000;1.000;.000;0;0;0;0;0;0;0;103;;0;0;0;-0.263;;-105;-55;-161;0
150;Dante Exum;SG;24;TOT;35;485;103;.576;.361;.361;27;126;77;115;13;14;184;150;;2;2;4;.043;;-25;-4;-29;-1
150;Dante Exum;SG;24;UTA;11;83;48;.503;.261;.087;41;115;80;119;6;20;295;178;;-2;1;-1;-0.056;;-52;-5;-57;-1
150;Dante Exum;SG;24;CLE;24;402;115;.592;.385;.427;25;128;76;114;15;13;156;144;;4;2;5;.063;;-20;-4;-24;0
151;Tacko Fall;C;24;BOS;7;33;284;.751;.000;.214;33;449;243;58;15;112;164;237;;1;1;2;.223;;4;60;65;1
152;Derrick Favors;C;28;NOP;51;1243;185;.620;.021;.209;139;289;214;92;11;31;129;140;;26;16;42;.162;;7;3;10;9
153;Cristiano Felício;C;27;CHI;22;386;128;.671;.037;.426;150;141;146;57;12;5;219;91;;7;3;10;.126;;-14;-16;-30;-1
154;Terrance Ferguson;SF;21;OKC;56;1257;37;.481;.764;.091;21;44;33;53;10;12;119;91;;-3;9;6;.021;;-48;3;-45;-8
155;Bruno Fernando;C;21;ATL;56;713;119;.542;.186;.256;100;200;150;99;12;20;159;153;;4;4;8;.055;;-32;-9;-41;-4
156;Yogi Ferrell;PG;26;SAC;50;530;122;.528;.420;.223;12;94;52;188;16;7;119;192;;3;3;7;.060;;-15;-3;-18;0
157;Dorian Finney-Smith;PF;26;DAL;71;2120;123;.595;.580;.207;73;127;100;72;10;16;108;129;;33;15;49;.110;;1;-3;-2;9
158;Bryn Forbes;SG;26;SAS;63;1579;111;.570;.656;.155;8;78;43;95;10;0;84;185;;13;3;15;.047;;-6;-21;-27;-3
159;Evan Fournier;SF;27;ORL;66;2076;164;.595;.467;.237;9;82;44;166;17;7;109;239;;29;17;46;.106;;14;-4;10;16
160;De'Aaron Fox;PG;22;SAC;51;1634;206;.558;.227;.420;24;114;68;353;22;15;141;298;;26;14;40;.118;;23;-5;18;16
161;Melvin Frazier;SG;23;ORL;19;126;98;.559;.471;.118;17;71;43;34;35;14;123;140;;0;2;2;.057;;-35;12;-23;0
162;Michael Frazier;SG;25;HOU;13;145;-9;.384;.793;.483;7;66;36;17;6;0;125;115;;-2;1;-2;-0.060;;-89;-21;-110;-3
163;Tim Frazier;PG;29;DET;27;355;98;.464;.319;.255;28;78;53;365;19;9;256;173;;-1;2;1;.016;;-30;-16;-46;-2
164;Markelle Fultz;PG;21;ORL;72;1996;143;.517;.175;.206;21;110;64;290;22;5;149;214;;6;20;27;.065;;-18;0;-18;1
165;Wenyen Gabriel;PF;22;TOT;30;235;96;.546;.417;.458;95;139;117;44;22;26;217;134;;0;2;2;.048;;-37;-1;-38;-1
165;Wenyen Gabriel;PF;22;SAC;11;61;74;.444;.471;.588;72;113;92;66;24;31;189;188;;-1;1;0;-0.029;;-44;5;-40;0
165;Wenyen Gabriel;PF;22;POR;19;174;103;.606;.387;.387;103;149;126;36;22;25;233;115;;1;1;3;.075;;-35;-3;-38;-1
166;Daniel Gafford;C;21;CHI;43;609;162;.686;.000;.448;90;103;96;52;10;87;153;133;;11;8;19;.146;;-28;15;-13;1
167;Danilo Gallinari;PF;31;OKC;62;1834;195;.612;.537;.365;21;168;97;103;11;2;74;246;;45;19;63;.166;;41;-9;33;24
168;Langston Galloway;SG;28;DET;66;1702;123;.584;.611;.157;22;78;50;88;14;5;65;159;;24;7;31;.087;;0;-9;-8;5
169;Darius Garland;SG;20;CLE;59;1824;85;.498;.423;.103;16;52;34;185;11;2;171;207;;-13;0;-13;-0.034;;-27;-28;-56;-17
170;Marc Gasol;C;35;TOR;44;1161;118;.551;.530;.176;29;217;125;173;14;32;164;132;;8;22;30;.124;;-12;28;16;11
171;Rudy Gay;PF;33;SAS;67;1461;154;.553;.369;.228;45;222;134;113;11;20;118;220;;9;11;21;.068;;0;-9;-8;4
172;Paul George;SG;29;LAC;48;1419;211;.589;.487;.277;18;177;100;211;23;12;125;296;;25;23;48;.161;;38;11;49;25
173;Taj Gibson;C;34;NYK;62;1025;161;.610;.049;.196;112;167;139;76;13;28;131;148;;18;8;26;.120;;-8;-3;-11;2
174;Harry Giles;C;21;SAC;46;667;164;.580;.008;.195;71;251;159;142;16;26;139;206;;8;8;16;.112;;-22;9;-13;1
175;Shai Gilgeous-Alexander;SG;21;OKC;70;2428;177;.568;.247;.352;22;161;94;152;16;17;103;237;;31;30;61;.121;;13;4;17;22
176;Rudy Gobert;C;27;UTA;68;2333;217;.699;.000;.724;112;313;216;65;11;48;150;162;;65;42;107;.221;;17;19;36;33
177;Brandon Goodwin;PG;24;ATL;34;430;116;.507;.458;.158;27;155;90;180;13;8;125;224;;-1;2;1;.013;;-16;-13;-29;-1
178;Aaron Gordon;PF;24;ORL;62;2017;151;.516;.309;.292;55;203;127;174;12;17;104;207;;14;23;37;.087;;-1;1;0;10
179;Eric Gordon;SF;31;HOU;36;1016;103;.510;.654;.231;9;65;37;79;10;11;78;225;;-1;6;5;.024;;-18;-21;-39;-5
180;Devonte' Graham;PG;24;CHO;63;2211;158;.537;.607;.242;20;87;52;353;14;6;145;248;;24;9;34;.073;;25;-21;5;14
181;Treveon Graham;SF;26;TOT;55;929;66;.456;.496;.231;57;117;86;66;12;5;98;131;;-2;4;2;.009;;-45;-10;-56;-8
181;Treveon Graham;SF;26;MIN;33;663;60;.447;.474;.211;45;117;80;61;12;3;90;131;;-3;3;1;.004;;-50;-8;-58;-6
181;Treveon Graham;SF;26;ATL;22;266;80;.478;.552;.284;88;115;101;76;12;13;117;133;;0;1;1;.022;;-33;-17;-49;-2
182;Jerami Grant;PF;25;DEN;71;1892;144;.591;.397;.309;34;112;73;66;13;28;80;180;;28;16;44;.111;;1;-6;-5;7
183;Jerian Grant;SG;27;WAS;6;80;66;.449;.296;.259;26;57;41;153;6;11;91;172;;0;0;0;-0.018;;-48;-20;-68;-1
184;Josh Gray;PG;26;NOP;2;23;-50;.500;.000;.000;46;46;46;104;0;0;714;125;;-1;0;-1;-0.226;;-113;-47;-160;-1
185;Danny Green;SG;32;LAL;68;1687;108;.552;.690;.101;33;112;73;71;24;17;113;139;;8;25;34;.096;;-11;15;5;11
186;Draymond Green;PF;29;GSW;43;1222;125;.489;.408;.263;20;223;118;312;23;24;218;157;;-2;13;11;.044;;-21;19;-2;6
187;JaMychal Green;PF;29;LAC;63;1307;111;.576;.676;.136;63;241;154;50;10;16;126;137;;11;20;31;.115;;-12;7;-5;5
188;Javonte Green;SG;26;BOS;48;468;131;.564;.262;.333;56;156;106;77;25;16;137;153;;4;8;11;.113;;-21;14;-7;2
189;Jeff Green;PF-C;33;TOT;48;960;137;.590;.532;.265;27;120;75;79;13;17;99;190;;12;9;21;.104;;0;-1;-1;5
189;Jeff Green;PF;33;UTA;30;553;100;.523;.533;.323;29;129;81;52;11;15;108;197;;0;5;5;.046;;-19;-2;-21;0
189;Jeff Green;C;33;HOU;18;407;186;.682;.530;.188;26;109;67;115;16;19;85;179;;12;4;15;.183;;25;1;26;5
190;Blake Griffin;PF;30;DET;18;512;119;.476;.444;.392;37;150;93;180;7;11;120;284;;-4;3;-1;-0.012;;-17;-26;-43;-3
191;Marko Guduric;SG;24;MEM;44;484;88;.514;.529;.166;31;126;79;123;12;14;176;176;;-3;4;1;.014;;-27;-7;-34;-2
192;Kyle Guy;SG;22;SAC;3;10;66;.400;.600;.000;0;115;56;156;0;0;0;217;;0;0;0;-0.045;;-75;-48;-123;0
193;Rui Hachimura;PF;21;WAS;48;1444;135;.535;.160;.257;57;170;111;88;12;5;80;190;;13;5;18;.060;;-12;-20;-32;-4
194;Devon Hall;PG;24;OKC;11;81;31;.298;.567;.267;28;66;48;213;24;11;130;209;;-3;1;-2;-0.116;;-58;-6;-64;-1
195;Donta Hall;C-PF;22;TOT;9;133;136;.652;.000;.818;114;192;154;42;11;38;143;111;;2;2;4;.137;;-34;-3;-37;-1
195;Donta Hall;PF;22;DET;4;48;73;.452;.000;1.500;140;216;177;53;10;17;231;79;;0;0;1;.067;;-57;-13;-70;-1
195;Donta Hall;C;22;BRK;5;85;172;.709;.000;.667;99;179;140;35;11;49;114;129;;2;1;3;.177;;-21;3;-18;0
196;Dusty Hannahs;SG;26;MEM;2;13;213;.607;.333;.222;0;80;41;0;0;0;0;316;;0;0;0;.146;;51;-21;31;0
197;Tim Hardaway Jr.;SG;27;DAL;71;2091;145;.581;.580;.206;13;102;58;97;9;2;67;211;;34;11;44;.102;;12;-14;-1;10
198;James Harden;SG;30;HOU;68;2483;291;.626;.557;.528;29;160;94;359;23;21;142;363;;99;32;131;.254;;81;16;96;73
199;Maurice Harkless;PF-SF;26;TOT;62;1427;98;.572;.346;.233;41;133;88;64;19;21;145;107;;8;19;27;.090;;-26;19;-7;5
199;Maurice Harkless;PF;26;LAC;50;1141;97;.584;.336;.194;44;136;91;55;20;23;163;103;;5;17;23;.095;;-25;24;0;6
199;Maurice Harkless;SF;26;NYK;12;286;101;.536;.379;.364;29;123;75;97;15;10;84;124;;2;2;4;.069;;-32;-3;-35;-1
200;Jared Harper;PG;22;PHO;3;8;-53;.250;.500;.000;0;0;0;0;0;0;0;213;;0;0;0;-0.249;;-101;-56;-157;0
201;Montrezl Harrell;C;26;LAC;63;1749;232;.607;.022;.432;99;163;132;103;11;36;101;257;;44;25;70;.191;;25;5;29;22
202;Gary Harris;SG;25;DEN;56;1780;97;.519;.405;.177;16;86;51;89;21;7;97;151;;5;14;19;.052;;-28;3;-25;-2
203;Joe Harris;SF;28;BRK;69;2123;133;.606;.518;.114;32;112;73;104;9;7;112;183;;25;18;43;.097;;4;-6;-2;10
204;Tobias Harris;PF;27;PHI;72;2469;172;.556;.304;.184;31;191;111;146;10;14;76;239;;35;27;62;.121;;13;-5;8;18
205;Shaquille Harrison;SG;26;CHI;43;484;178;.559;.255;.303;48;153;98;153;34;37;92;181;;7;8;15;.153;;4;24;28;6
206;Josh Hart;SF;24;NOP;65;1755;119;.563;.665;.216;37;221;128;82;17;11;114;153;;13;18;31;.085;;-11;4;-7;6
207;Isaiah Hartenstein;C;21;HOU;23;266;186;.674;.075;.418;113;243;177;100;16;39;168;148;;7;4;11;.190;;-10;13;3;2
208;Udonis Haslem;C;39;MIA;4;44;65;.470;.273;.364;26;367;203;32;0;0;73;138;;0;1;0;.041;;-61;-14;-76;-1
209;Jaxson Hayes;C;19;NOP;64;1080;176;.689;.015;.734;95;160;127;72;11;43;134;150;;28;11;39;.171;;-9;6;-3;5
210;Gordon Hayward;SF;29;BOS;52;1740;181;.595;.317;.207;34;178;107;187;11;12;112;211;;35;22;57;.158;;26;1;27;20
211;John Henson;C;29;TOT;40;600;170;.578;.211;.269;85;218;151;134;20;60;158;163;;6;8;14;.109;;-12;21;9;4
211;John Henson;C;29;CLE;29;412;169;.539;.258;.275;85;223;154;152;19;67;135;161;;4;5;9;.109;;-11;23;11;3
211;John Henson;C;29;DET;11;188;171;.670;.098;.255;83;208;145;93;21;45;209;167;;2;2;4;.110;;-12;18;6;1
212;Dewan Hernandez;C;23;TOR;6;28;129;.432;.143;.357;193;332;264;164;17;0;156;293;;0;1;0;.043;;-66;-30;-96;-1
213;Juan Hernangómez;PF;24;TOT;48;833;104;.518;.522;.287;56;205;128;66;11;10;103;157;;2;7;9;.052;;-22;-11;-34;-3
213;Juan Hernangómez;PF;24;DEN;34;422;69;.442;.545;.227;64;188;126;67;6;11;129;143;;-2;3;1;.007;;-40;-12;-52;-3
213;Juan Hernangómez;PF;24;MIN;14;411;141;.576;.504;.336;47;221;131;64;16;8;82;171;;5;4;8;.098;;-4;-10;-15;1
214;Willy Hernangómez;C;25;CHO;31;375;192;.576;.158;.424;121;275;195;135;13;17;154;229;;4;4;8;.107;;6;-5;1;2
215;Tyler Herro;SG;20;MIA;55;1508;125;.550;.472;.158;12;149;83;127;11;6;114;223;;2;13;16;.050;;-4;-12;-16;1
216;Kevin Hervey;PF;23;OKC;10;52;50;.315;.741;.000;22;227;127;139;9;17;0;228;;-2;1;-1;-0.085;;-40;-11;-51;0
217;Mario Hezonja;PF;24;POR;53;871;95;.525;.358;.271;36;183;110;75;20;9;147;139;;1;6;8;.043;;-31;2;-29;-2
218;Buddy Hield;SG;27;SAC;72;2216;160;.566;.592;.117;28;141;83;155;14;7;121;272;;14;15;30;.064;;25;-14;11;17
219;George Hill;PG;33;MIL;59;1271;169;.659;.468;.269;41;93;69;190;17;3;119;155;;35;21;55;.210;;16;13;29;16
220;Solomon Hill;PF;28;TOT;59;1088;98;.535;.615;.194;29;130;81;124;19;10;145;136;;4;11;14;.064;;-20;3;-17;1
220;Solomon Hill;PF;28;MEM;48;901;102;.549;.631;.163;29;138;84;134;16;7;138;134;;5;8;14;.072;;-17;2;-14;1
220;Solomon Hill;PF;28;MIA;11;187;81;.471;.533;.356;31;92;63;73;31;27;174;148;;-2;3;1;.023;;-38;9;-29;0
221;Jaylen Hoard;PF;20;POR;13;103;149;.504;.094;.406;144;181;162;53;23;0;96;172;;1;1;2;.093;;-8;-11;-19;0
222;Aaron Holiday;PG;23;IND;66;1617;116;.521;.393;.155;15;90;53;191;17;9;128;187;;4;17;21;.063;;-16;0;-16;2
223;Jrue Holiday;SG;29;NOP;61;2117;170;.537;.344;.181;38;109;73;291;22;19;145;245;;20;19;39;.088;;16;2;18;20
224;Justin Holiday;SF;30;IND;73;1826;121;.585;.681;.138;19;122;71;67;23;22;79;134;;16;26;42;.112;;-5;18;13;15
225;Rondae Hollis-Jefferson;PF;25;TOR;60;1122;151;.533;.070;.435;106;159;133;136;20;20;131;172;;14;20;34;.146;;-12;15;3;6
226;Richaun Holmes;C;26;SAC;44;1242;197;.681;.000;.343;112;215;162;51;16;43;116;156;;34;15;49;.190;;3;6;10;9
227;Rodney Hood;SF;27;POR;21;619;122;.625;.413;.157;17;104;61;70;13;6;94;139;;9;2;11;.084;;-4;-5;-9;2
228;Al Horford;C;33;PHI;67;2025;157;.536;.399;.113;56;193;124;192;12;26;97;175;;28;26;54;.128;;13;10;22;22
229;Talen Horton-Tucker;SG;19;LAL;6;81;123;.535;.433;.133;27;67;47;105;47;11;159;197;;0;2;1;.070;;-40;20;-21;0
230;Danuel House;SF;26;HOU;63;1913;113;.572;.659;.167;31;116;73;61;16;15;85;137;;19;18;36;.091;;-8;0;-7;6
231;Dwight Howard;C;34;LAL;69;1306;187;.696;.018;.773;146;278;212;48;11;54;185;147;;28;26;54;.197;;-10;12;2;7
232;William Howard;PF;26;HOU;2;13;-127;.000;1.000;.000;0;163;81;91;0;0;200;159;;-1;0;-1;-0.357;;-142;-54;-196;-1
233;Kevin Huerter;SG;21;ATL;56;1760;115;.536;.548;.105;21;120;70;175;14;13;120;171;;10;6;16;.043;;-7;-9;-16;2
234;De'Andre Hunter;SF;22;ATL;63;2018;86;.521;.445;.211;23;131;76;80;10;7;121;175;;-4;5;1;.002;;-29;-18;-47;-14
235;Chandler Hutchison;SF;23;CHI;28;527;124;.521;.217;.446;36;198;113;74;25;13;114;191;;0;7;7;.060;;-27;1;-26;-1
236;Serge Ibaka;C;30;TOR;55;1485;173;.583;.272;.185;83;235;161;86;9;30;131;240;;12;27;39;.126;;1;0;1;8
237;Andre Iguodala;SF;36;MIA;21;418;105;.507;.534;.170;47;157;104;169;16;50;216;127;;0;6;6;.065;;-19;14;-5;2
238;Ersan İlyasova;PF;32;MIL;63;986;149;.589;.438;.278;66;227;151;66;11;15;88;161;;16;20;36;.174;;-3;8;4;6
239;Joe Ingles;PF;32;UTA;72;2137;126;.595;.638;.170;14;125;72;244;15;4;193;151;;27;21;48;.108;;0;7;7;15
240;Brandon Ingram;PF;22;NOP;62;2104;188;.587;.350;.336;26;166;96;193;13;15;131;281;;33;18;51;.115;;25;-4;21;22
241;Kyrie Irving;PG;27;BRK;20;658;262;.595;.341;.245;35;125;81;367;19;13;101;326;;21;8;29;.210;;67;9;77;16
242;Jonathan Isaac;PF;22;ORL;34;980;173;.552;.283;.232;62;196;127;74;26;72;118;183;;6;19;25;.120;;-5;29;23;11
243;Wesley Iwundu;SF;25;ORL;52;953;103;.544;.352;.416;26;125;74;88;13;12;86;137;;8;8;17;.084;;-27;0;-26;-2
244;Frank Jackson;PG;21;NOP;59;797;91;.510;.435;.227;29;81;55;108;10;4;119;212;;-2;3;2;.010;;-33;-22;-55;-7
245;Jaren Jackson Jr.;C;20;MEM;57;1622;163;.593;.489;.247;36;132;85;72;12;50;106;240;;16;18;35;.103;;3;1;4;10
246;Josh Jackson;SF;22;MEM;22;381;141;.547;.453;.314;31;149;91;131;22;21;134;228;;1;5;5;.069;;-11;11;0;2
247;Justin Jackson;PF;24;DAL;65;1045;95;.496;.478;.147;27;126;77;68;7;8;37;154;;6;6;12;.054;;-21;-13;-34;-4
248;Reggie Jackson;SG-PG;29;TOT;31;743;137;.529;.445;.166;25;108;67;262;8;6;127;231;;6;5;11;.073;;8;-12;-4;3
248;Reggie Jackson;PG;29;DET;14;381;147;.492;.414;.167;32;91;61;308;10;2;98;270;;2;1;4;.047;;17;-22;-5;1
248;Reggie Jackson;SG;29;LAC;17;362;126;.587;.492;.164;18;126;73;213;7;10;169;191;;4;4;8;.100;;-1;-2;-3;2
249;Justin James;SF;23;SAC;36;232;110;.477;.345;.250;28;129;78;112;13;37;79;189;;-1;2;1;.028;;-14;-1;-14;0
250;LeBron James;PG;35;LAL;67;2316;255;.577;.326;.292;32;215;124;491;16;14;151;315;;62;36;98;.204;;66;18;84;61
251;Amile Jefferson;PF;26;ORL;18;74;89;.372;.000;1.000;141;195;167;72;7;37;130;135;;0;1;0;.023;;-48;-10;-58;-1
252;DaQuan Jeffries;SG;22;SAC;13;141;112;.586;.450;.150;23;123;72;71;14;7;45;137;;2;1;3;.100;;-27;-11;-38;-1
253;Ty Jerome;SG;22;PHO;31;328;79;.425;.442;.142;23;134;78;182;22;8;130;179;;-3;3;0;-0.003;;-40;1;-38;-2
254;Alize Johnson;PF;23;IND;17;118;133;.509;.276;.345;150;294;223;77;12;15;173;150;;1;2;3;.111;;-18;3;-15;0
255;B.J. Johnson;SF;24;ORL;10;83;54;.412;.281;.313;38;161;97;51;18;0;142;221;;-2;1;-1;-0.074;;-58;-32;-90;-1
256;Cameron Johnson;PF;23;PHO;57;1255;129;.586;.672;.141;43;124;83;77;14;14;69;157;;17;10;27;.102;;8;-4;3;7
257;James Johnson;PF-C;32;TOT;32;619;148;.572;.423;.223;43;163;103;184;19;46;169;194;;3;8;11;.089;;-11;11;0;3
257;James Johnson;PF;32;MIA;18;281;111;.547;.517;.161;33;169;104;111;10;46;139;170;;0;4;4;.065;;-26;8;-18;0
257;James Johnson;C;32;MIN;14;338;179;.588;.359;.266;51;159;103;244;26;47;188;214;;3;4;8;.109;;1;15;16;3
258;Keldon Johnson;SF;20;SAS;17;301;191;.711;.247;.494;36;168;102;72;22;6;107;174;;8;2;11;.174;;15;0;15;3
259;Stanley Johnson;PF;23;TOR;25;150;99;.454;.407;.271;50;206;130;194;19;26;185;231;;-3;3;0;.014;;-39;14;-26;0
260;Tyler Johnson;PG-SG;27;TOT;39;709;101;.504;.476;.200;27;89;58;148;11;11;96;180;;3;5;7;.050;;-20;-9;-29;-2
260;Tyler Johnson;PG;27;PHO;31;515;81;.481;.485;.187;21;92;56;133;11;14;115;173;;-2;3;2;.014;;-30;-6;-36;-2
260;Tyler Johnson;SG;27;BRK;8;194;156;.552;.456;.228;44;84;64;186;10;4;54;198;;4;1;6;.144;;6;-17;-11;0
261;Nikola Jokić;C;24;DEN;73;2336;249;.605;.238;.281;80;261;171;352;18;17;158;266;;67;31;98;.202;;55;20;74;55
262;Damian Jones;C;24;ATL;55;887;156;.712;.051;.472;89;162;125;56;14;38;115;114;;22;6;28;.152;;-16;1;-15;1
263;Derrick Jones Jr.;SF;22;MIA;59;1375;149;.620;.378;.352;56;131;95;67;21;27;69;139;;26;18;44;.153;;-3;11;7;10
264;Tyus Jones;PG;23;MEM;65;1232;157;.532;.289;.135;8;79;44;320;22;4;108;172;;19;11;30;.117;;4;2;6;8
265;DeAndre Jordan;C;31;BRK;56;1234;199;.682;.000;.425;121;345;235;126;7;35;178;141;;30;22;52;.200;;12;18;30;15
266;Cory Joseph;PG;28;SAC;72;1759;101;.517;.386;.170;27;94;60;191;15;11;153;129;;12;11;23;.062;;-21;1;-20;0
267;Mfiondu Kabengele;C;22;LAC;12;64;182;.614;.625;.156;17;158;89;49;15;28;55;237;;1;1;2;.173;;23;-1;22;1
268;Frank Kaminsky;C;26;PHO;39;777;142;.545;.404;.293;49;204;126;143;9;11;96;210;;7;7;14;.087;;-1;-4;-5;3
269;Enes Kanter;C;27;BOS;58;983;224;.599;.020;.284;180;289;235;88;11;39;125;194;;26;18;44;.214;;18;-3;15;9
270;Luke Kennard;SG;23;DET;28;922;144;.589;.535;.219;11;111;60;192;6;5;103;198;;16;3;19;.100;;11;-14;-3;4
271;Stanton Kidd;SG;27;UTA;4;15;-137;.000;.333;.000;0;213;110;80;0;0;400;146;;-1;0;-1;-0.327;;-157;-13;-170;-1
272;Michael Kidd-Gilchrist;PF;26;TOT;25;281;42;.416;.303;.212;53;204;128;71;3;19;181;137;;-4;2;-2;-0.030;;-63;-11;-74;-4
272;Michael Kidd-Gilchrist;PF;26;CHO;12;160;61;.421;.321;.170;59;184;119;95;0;17;109;176;;-2;1;-1;-0.028;;-53;-16;-69;-2
272;Michael Kidd-Gilchrist;PF;26;DAL;13;121;17;.395;.231;.385;44;231;139;40;8;21;372;85;;-2;1;-1;-0.032;;-76;-4;-80;-2
273;Louis King;SF;20;DET;10;62;62;.448;.524;.143;18;167;92;118;16;0;82;171;;-1;0;0;-0.007;;-51;-11;-62;-1
274;Maxi Kleber;PF;28;DAL;74;1890;136;.605;.621;.181;63;151;108;63;6;38;95;139;;32;17;48;.123;;4;0;4;11
275;Brandon Knight;SG-PG;28;TOT;25;462;85;.503;.784;.204;10;91;50;216;11;6;173;206;;-2;1;-1;-0.010;;-18;-26;-44;-3
275;Brandon Knight;SG;28;CLE;16;241;54;.431;.744;.151;14;79;46;180;10;7;149;191;;-3;0;-3;-0.062;;-39;-27;-67;-3
275;Brandon Knight;PG;28;DET;9;221;119;.576;.827;.259;5;104;54;256;11;4;196;222;;1;1;2;.046;;5;-25;-20;0
276;Kevin Knox;SF;20;NYK;65;1166;83;.470;.496;.252;25;147;84;74;10;23;92;178;;-5;7;2;.007;;-31;-11;-42;-7
277;John Konchar;SG;23;MEM;19;181;180;.713;.270;.054;107;166;137;162;18;15;156;103;;5;2;7;.182;;25;20;45;3
278;Furkan Korkmaz;SG;22;PHI;72;1559;120;.579;.632;.181;13;106;60;73;13;9;88;184;;14;14;28;.085;;-3;-10;-13;3
279;Luke Kornet;C;24;CHI;36;559;127;.539;.578;.150;41;129;83;85;9;44;66;163;;5;6;11;.091;;-9;-2;-12;1
280;Kyle Korver;SF;38;MIL;58;960;113;.620;.809;.140;16;104;63;92;12;11;134;154;;9;15;25;.124;;-6;7;1;5
281;Rodions Kurucs;PF;21;BRK;47;684;89;.555;.508;.215;39;166;104;104;17;6;192;147;;-1;8;8;.055;;-36;8;-28;-1
282;Kyle Kuzma;PF;24;LAL;61;1526;122;.531;.407;.232;38;157;98;76;9;15;110;229;;1;19;20;.063;;-16;-10;-26;-2
283;Skal Labissière;C;23;POR;33;567;154;.588;.088;.224;121;190;156;101;6;47;157;143;;10;4;14;.119;;-15;2;-13;1
284;Jeremy Lamb;SG;27;IND;46;1291;140;.547;.330;.230;21;148;85;105;21;15;87;196;;9;18;27;.099;;-11;8;-4;5
285;Romeo Langford;SG;20;BOS;32;370;54;.434;.338;.313;44;74;59;45;10;20;108;118;;-2;4;2;.025;;-47;-3;-49;-3
286;Zach LaVine;SG;24;CHI;60;2085;194;.568;.404;.279;21;138;77;217;20;13;133;317;;18;22;40;.091;;32;-8;24;24
287;Vic Law;PF;24;ORL;8;62;37;.363;.389;.333;34;162;96;67;16;0;88;158;;-1;1;-1;-0.052;;-71;-25;-96;-1
288;Jake Layman;SF;25;MIN;23;505;103;.544;.402;.179;34;87;60;44;16;16;111;177;;0;3;3;.030;;-27;-10;-37;-2
289;T.J. Leaf;PF;22;IND;28;222;129;.451;.209;.186;115;235;175;57;22;16;79;200;;-1;4;3;.061;;-25;1;-24;0
290;Jalen Lecque;SG;19;PHO;5;32;27;.460;.400;.200;0;70;35;86;0;0;155;171;;0;0;0;-0.065;;-71;-29;-100;-1
291;Courtney Lee;SG;34;DAL;24;345;108;.629;.573;.085;22;75;49;47;25;15;114;119;;3;3;7;.092;;-21;15;-6;1
292;Damion Lee;SG;27;GSW;49;1423;127;.548;.468;.247;24;163;91;144;17;4;106;190;;9;8;17;.058;;-15;-8;-23;-1
293;Alex Len;C;26;TOT;55;970;177;.600;.185;.329;111;252;180;79;11;43;131;181;;15;10;25;.122;;-5;-3;-7;3
293;Alex Len;C;26;ATL;40;745;175;.590;.215;.312;98;236;166;87;13;37;117;186;;11;6;18;.113;;-2;-2;-4;3
293;Alex Len;C;26;SAC;15;225;182;.640;.051;.407;151;308;228;52;6;64;187;165;;4;3;7;.150;;-13;-3;-16;0
294;Kawhi Leonard;SF;28;LAC;57;1848;269;.589;.287;.355;31;191;113;264;26;16;102;330;;54;33;87;.226;;65;24;89;51
295;Meyers Leonard;C;27;MIA;51;1034;106;.627;.547;.120;34;240;141;76;7;14;137;122;;9;12;21;.096;;-13;4;-9;3
296;Caris LeVert;SG;25;BRK;45;1330;161;.514;.301;.269;39;107;74;250;19;6;126;295;;1;14;15;.055;;6;-9;-3;5
297;Damian Lillard;PG;29;POR;66;2474;269;.627;.500;.384;14;105;60;344;13;8;110;303;;109;7;116;.225;;83;-9;75;59
298;Nassir Little;PF;19;POR;48;573;96;.505;.391;.291;57;139;99;50;11;21;81;137;;3;3;6;.047;;-29;-6;-35;-2
299;Kevon Looney;C;23;GSW;20;262;94;.403;.177;.152;112;163;136;111;22;21;125;157;;-2;2;0;.006;;-48;-8;-56;-2
300;Brook Lopez;C;31;MIL;68;1817;150;.551;.484;.227;34;130;85;74;12;79;87;183;;14;41;55;.145;;-4;25;20;19
301;Robin Lopez;C;31;MIL;66;958;102;.554;.351;.177;62;102;83;63;5;41;164;166;;-1;16;15;.077;;-30;4;-26;-2
302;Kevin Love;PF;31;CLE;56;1780;179;.599;.536;.301;33;311;171;154;9;9;145;231;;25;13;38;.101;;26;-5;20;18
303;Kyle Lowry;PG;33;TOR;58;2098;177;.590;.580;.427;16;128;73;306;19;12;157;231;;42;33;75;.171;;22;10;32;28
304;Timothé Luwawu-Cabarrot;SF;24;BRK;47;853;110;.599;.595;.301;36;116;77;49;10;7;108;168;;9;7;17;.095;;-18;-5;-22;-1
305;Trey Lyles;PF;24;SAS;63;1271;126;.557;.490;.131;60;246;153;72;11;19;97;136;;12;10;22;.083;;-5;-7;-12;3
306;Daryl Macon;PG;24;MIA;4;14;-31;.500;.667;.000;0;0;0;97;0;0;400;157;;0;0;0;-0.161;;-70;-44;-114;0
307;J.P. Macura;SG;24;CLE;1;1;0;;;;0;0;0;0;0;0;;0;;0;0;0;-0.022;;-52;-12;-64;0
308;Josh Magette;PG;30;ORL;8;38;51;.378;.267;.133;27;146;85;192;38;24;239;237;;-2;1;-1;-0.127;;-79;16;-62;0
309;Ian Mahinmi;C;33;WAS;38;808;142;.545;.124;.538;101;197;147;83;18;48;148;157;;7;7;14;.083;;-28;0;-27;-2
310;Thon Maker;C;22;DET;60;776;137;.582;.332;.570;78;167;122;80;16;42;157;161;;7;8;15;.096;;-21;7;-14;1
311;Terance Mann;SF;23;LAC;41;362;106;.545;.253;.342;29;126;79;193;14;12;165;126;;4;4;8;.106;;-28;12;-16;0
312;Boban Marjanović;C;31;DAL;44;422;257;.612;.081;.270;166;321;245;83;9;20;113;269;;12;6;18;.200;;28;-16;12;3
313;Lauri Markkanen;PF;22;CHI;50;1492;143;.560;.536;.259;42;197;116;76;14;15;110;211;;10;16;26;.084;;2;-8;-6;5
314;Caleb Martin;SF;24;CHO;18;317;120;.595;.440;.250;33;100;65;111;19;20;139;150;;3;2;5;.081;;-16;6;-10;1
315;Cody Martin;SF;24;CHO;48;903;105;.505;.372;.314;44;151;96;157;22;9;157;136;;2;8;10;.052;;-31;10;-22;0
316;Jeremiah Martin;PG;23;BRK;9;99;218;.541;.340;.264;11;92;52;308;33;17;63;267;;2;1;4;.176;;15;17;32;1
317;Kelan Martin;SF;24;MIN;31;495;92;.506;.530;.171;25;186;102;68;7;15;93;178;;-1;3;2;.023;;-33;-10;-43;-3
318;Frank Mason III;PG;25;MIL;9;118;169;.530;.412;.333;45;111;80;350;19;7;158;243;;1;2;4;.143;;-6;6;0;1
319;Garrison Mathews;SG;23;WAS;18;227;131;.691;.821;.607;28;90;58;58;16;4;101;145;;6;1;6;.131;;-6;-5;-11;1
320;Wesley Matthews;SG;33;MIL;67;1635;81;.547;.704;.161;14;82;50;71;11;5;87;125;;8;24;32;.093;;-26;7;-18;1
321;Luc Mbah a Moute;PF;33;HOU;3;25;64;.425;.400;.400;42;42;42;0;37;0;145;114;;0;0;0;-0.008;;-52;-22;-74;0
322;Patrick McCaw;SF;24;TOR;37;908;73;.500;.438;.111;23;76;50;115;20;4;146;94;;2;12;14;.075;;-36;18;-18;0
323;CJ McCollum;SG;28;POR;70;2556;170;.541;.378;.136;19;102;61;191;10;14;81;259;;35;6;41;.077;;23;-18;5;16
324;T.J. McConnell;PG;27;IND;71;1326;165;.540;.041;.102;32;124;78;376;20;7;189;175;;17;17;33;.121;;1;4;5;8
325;Jalen McDaniels;SF;22;CHO;16;293;107;.574;.343;.243;54;194;121;68;14;9;124;133;;2;2;5;.078;;-34;1;-33;-1
326;Doug McDermott;PF;28;IND;69;1372;144;.620;.537;.106;21;117;70;84;4;3;68;196;;23;11;33;.117;;14;-13;0;7
327;JaVale McGee;C;32;LAL;68;1130;194;.652;.020;.268;122;254;189;46;15;75;139;148;;22;24;47;.198;;-6;21;15;10
328;Rodney McGruder;SG;28;LAC;56;871;67;.477;.492;.188;36;142;90;53;14;8;109;106;;-1;11;10;.055;;-37;8;-30;-2
329;Alfonzo McKinnie;SF;27;CLE;40;593;87;.493;.380;.181;69;144;106;33;19;12;123;152;;-2;3;2;.014;;-44;-9;-53;-5
330;Jordan McLaughlin;PG;23;MIN;30;590;163;.587;.427;.219;12;78;44;310;27;6;137;158;;11;4;16;.130;;3;0;3;3
331;Ben McLemore;SF;26;HOU;71;1619;118;.622;.829;.123;13;89;51;52;13;8;80;160;;22;11;33;.099;;0;-6;-5;6
332;Jordan McRae;SG;28;TOT;37;784;142;.515;.344;.298;24;154;87;179;13;18;94;244;;4;4;7;.044;;0;-15;-15;1
332;Jordan McRae;SG;28;WAS;29;654;152;.523;.334;.262;27;151;87;191;14;20;97;249;;4;3;7;.051;;8;-12;-4;3
332;Jordan McRae;SG;28;DEN;4;32;167;.580;.667;.667;35;140;88;156;31;29;0;105;;1;0;1;.201;;11;14;25;0
332;Jordan McRae;SG;28;DET;4;98;65;.446;.372;.512;0;176;87;107;0;0;87;257;;-1;0;-1;-0.053;;-56;-42;-98;-2
333;Nicolò Melli;C;29;NOP;60;1042;114;.556;.638;.226;39;145;92;105;15;18;115;157;;9;9;18;.082;;-15;2;-13;2
334;De'Anthony Melton;PG;21;MEM;60;1167;135;.501;.349;.302;40;157;99;201;31;15;156;192;;1;17;17;.072;;-22;20;-2;5
335;Chimezie Metu;C;22;SAS;18;105;222;.608;.048;.310;123;216;169;149;14;50;173;237;;2;1;3;.130;;19;-1;18;1
336;Khris Middleton;SF;28;MIL;62;1853;211;.619;.374;.240;25;170;102;222;13;3;116;264;;46;33;79;.205;;34;7;41;29
337;Eric Mika;C;25;SAC;1;19;139;.773;.000;.667;116;304;207;0;0;0;0;89;;1;0;1;.218;;-22;-10;-32;0
338;C.J. Miles;SF;32;WAS;10;161;111;.472;.593;.339;26;57;41;100;29;22;56;186;;0;1;1;.035;;-18;1;-18;0
339;Malcolm Miller;SF;26;TOR;28;162;67;.538;.759;.276;13;89;52;89;15;12;110;96;;1;2;3;.082;;-35;12;-23;0
340;Patty Mills;PG;31;SAS;66;1485;148;.592;.674;.187;16;62;39;114;17;4;77;204;;23;5;28;.091;;12;-12;0;8
341;Paul Millsap;PF;34;DEN;51;1240;169;.591;.283;.322;89;176;132;96;18;22;123;200;;21;14;35;.136;;3;-2;1;7
342;Shake Milton;SG;23;PHI;40;805;144;.617;.487;.235;21;100;60;188;12;7;133;189;;14;7;21;.126;;0;-10;-10;2
343;Donovan Mitchell;SG;23;UTA;69;2364;188;.558;.352;.240;26;113;71;216;14;5;110;308;;32;22;54;.110;;24;-6;19;23
344;Naz Mitrou-Long;SG;26;IND;5;47;78;.412;.706;.000;0;162;82;228;10;19;150;187;;-1;1;0;-0.022;;-35;21;-14;0
345;Adam Mokoka;SF;21;CHI;11;112;82;.538;.536;.143;66;31;49;50;17;0;63;121;;1;1;2;.073;;-31;-10;-41;-1
346;Malik Monk;SG;21;CHO;55;1169;126;.530;.418;.205;24;126;73;166;11;13;126;229;;1;6;7;.028;;-11;-13;-23;-1
347;Matt Mooney;SG;22;CLE;4;19;81;.250;.500;.000;0;177;88;67;51;45;0;90;;0;0;0;.007;;-54;50;-4;0
348;E'Twaun Moore;SG;30;NOP;56;1020;113;.510;.382;.103;32;104;68;110;15;9;81;199;;3;7;9;.043;;-19;-8;-27;-2
349;Ja Morant;PG;20;MEM;67;2074;174;.556;.191;.329;26;104;66;352;13;8;170;259;;23;15;38;.088;;15;-12;3;12
350;Juwan Morgan;PF;22;UTA;21;134;101;.648;.308;.154;85;151;119;62;4;12;178;110;;2;1;3;.106;;-29;-3;-32;0
351;Marcus Morris;SF-PF;30;TOT;62;1936;143;.570;.430;.272;32;140;85;68;12;14;97;219;;21;15;36;.088;;6;-7;-1;9
351;Marcus Morris;SF;30;NYK;43;1387;165;.582;.415;.311;36;147;90;68;12;12;92;244;;21;8;29;.101;;18;-11;7;9
351;Marcus Morris;PF;30;LAC;19;549;89;.523;.483;.126;21;123;74;68;11;21;116;158;;0;7;6;.055;;-25;3;-22;0
352;Markieff Morris;PF;30;TOT;58;1187;125;.565;.498;.186;38;171;103;101;13;12;133;209;;5;10;14;.058;;-11;-9;-20;0
352;Markieff Morris;PF;30;DET;44;988;127;.573;.486;.203;27;173;99;110;13;9;142;218;;3;7;10;.049;;-11;-10;-21;0
352;Markieff Morris;PF;30;LAL;14;199;115;.516;.565;.087;89;158;124;54;12;27;77;165;;2;3;4;.106;;-13;-1;-14;0
353;Monte Morris;PG;24;DEN;73;1636;149;.545;.304;.157;16;77;47;221;17;10;81;175;;27;11;38;.112;;4;-5;-2;8
354;Johnathan Motley;PF;24;LAC;13;41;285;.774;.067;.467;78;173;127;329;35;0;217;235;;2;1;3;.299;;48;33;81;1
355;Emmanuel Mudiay;PG;23;UTA;54;850;130;.543;.266;.254;24;135;82;209;14;10;173;226;;1;9;10;.057;;-18;-1;-19;0
356;Mychal Mulder;SF;25;GSW;7;204;78;.533;.776;.179;15;110;61;58;5;4;65;162;;0;0;1;.017;;-33;-28;-61;-2
357;Dejounte Murray;PG;23;SAS;66;1687;162;.524;.174;.179;44;201;122;231;31;9;154;208;;7;20;26;.074;;-9;13;4;10
358;Jamal Murray;PG;22;DEN;59;1904;177;.559;.362;.207;27;112;69;229;17;8;115;252;;28;15;43;.107;;20;-8;12;15
359;Džanan Musa;SF;20;BRK;40;487;94;.484;.453;.349;46;135;91;126;15;2;154;201;;-3;5;2;.016;;-35;-9;-44;-3
360;Mike Muscala;C;28;OKC;47;572;125;.569;.757;.116;32;173;104;101;8;18;79;166;;7;6;13;.107;;1;-2;-1;3
361;Sviatoslav Mykhailiuk;SF;22;DET;56;1265;112;.578;.704;.173;15;79;47;123;16;3;123;171;;10;6;16;.060;;-7;-12;-19;0
362;Abdel Nader;SF;26;OKC;55;867;113;.591;.487;.251;18;106;64;64;13;20;128;170;;5;9;13;.074;;-11;2;-10;2
363;Larry Nance Jr.;PF;27;CLE;56;1472;173;.608;.369;.172;79;231;154;123;19;13;115;152;;28;11;39;.128;;14;4;17;14
364;Shabazz Napier;PG;28;TOT;56;1344;138;.552;.526;.336;20;109;63;278;24;7;197;200;;8;9;17;.059;;-7;-4;-11;3
364;Shabazz Napier;PG;28;MIN;36;856;139;.539;.562;.311;20;119;68;313;22;7;191;191;;6;6;13;.071;;-6;-2;-8;3
364;Shabazz Napier;PG;28;WAS;20;488;136;.573;.468;.376;19;91;54;217;28;7;205;216;;1;3;4;.039;;-9;-7;-15;0
365;Raul Neto;PG;27;PHI;54;668;127;.567;.396;.212;18;83;50;203;17;8;162;187;;5;6;12;.083;;-12;-6;-18;0
366;Malik Newman;SG;22;CLE;1;4;-114;.347;.500;1.000;0;0;0;0;0;0;258;415;;0;0;0;-0.502;;-145;-112;-257;0
367;Georges Niang;PF;26;UTA;66;923;117;.589;.699;.075;19;129;76;70;9;4;83;172;;10;8;18;.092;;4;-5;-1;4
368;Joakim Noah;C;34;LAC;5;50;111;.608;.000;1.000;107;223;166;179;9;18;342;147;;0;1;1;.096;;-41;25;-16;0
369;Nerlens Noel;C;25;OKC;61;1127;204;.711;.011;.394;92;199;147;76;25;69;173;149;;26;23;49;.209;;-3;34;31;15
370;Zach Norvell;SG;22;TOT;5;41;26;.402;.667;.083;0;163;79;102;23;0;194;161;;-1;0;-1;-0.084;;-71;-12;-84;-1
370;Zach Norvell;SG;22;LAL;2;5;-56;.000;.000;.000;0;216;109;0;0;0;0;84;;0;0;0;-0.152;;-103;-25;-128;0
370;Zach Norvell;SG;22;GSW;3;36;37;.437;.727;.091;0;156;75;117;27;0;208;171;;-1;0;-1;-0.075;;-67;-10;-78;-1
371;Jaylen Nowell;SG;20;MIN;15;151;105;.471;.491;.321;20;73;45;178;9;6;47;173;;1;0;2;.051;;-29;-8;-38;-1
372;Frank Ntilikina;PG;21;NYK;57;1187;98;.497;.411;.177;20;91;54;202;22;13;165;154;;1;8;9;.037;;-36;4;-32;-4
373;Kendrick Nunn;PG;24;MIA;67;1962;129;.534;.428;.109;12;87;51;185;14;8;106;241;;4;16;20;.049;;-10;-13;-23;-1
374;Jusuf Nurkić;C;25;POR;8;253;226;.567;.092;.321;96;241;169;191;21;54;132;240;;5;3;9;.164;;10;9;20;2
375;David Nwaba;SG;27;BRK;20;268;140;.627;.394;.380;32;140;87;43;19;37;88;142;;4;4;8;.138;;-10;20;10;2
376;Royce O'Neale;SF;26;UTA;71;2049;95;.578;.668;.151;15;188;104;116;14;13;135;96;;18;25;43;.101;;-13;22;9;15
377;Kyle O'Quinn;C;29;PHI;29;313;186;.544;.318;.235;120;290;205;227;11;65;176;157;;5;6;11;.165;;3;27;30;4
378;Semi Ojeleye;PF;25;BOS;69;1011;77;.562;.648;.163;28;125;77;47;10;5;83;97;;8;10;19;.088;;-21;4;-17;1
379;Jahlil Okafor;C;24;NOP;30;467;183;.642;.019;.383;109;180;144;120;7;39;167;199;;9;4;13;.133;;-5;3;-2;2
380;Elie Okobo;PG;22;PHO;55;719;106;.516;.392;.392;24;116;69;212;16;5;152;148;;5;5;10;.067;;-19;0;-19;0
381;Josh Okogie;SG;21;MIN;62;1547;115;.553;.387;.480;57;128;91;89;20;14;153;151;;9;12;22;.068;;-24;0;-24;-2
382;KZ Okpala;PF;20;MIA;5;26;137;.595;.200;.400;45;166;108;55;38;38;145;117;;0;0;1;.118;;-13;40;27;0
383;Victor Oladipo;SG;27;IND;19;528;113;.506;.423;.240;19;136;78;154;16;7;147;265;;-6;6;0;.002;;-22;-11;-33;-2
384;Kelly Olynyk;C;28;MIA;67;1300;146;.621;.588;.251;39;216;131;133;17;18;138;174;;19;18;37;.135;;0;10;10;10
385;Miye Oni;SF;22;UTA;10;109;97;.512;.594;.156;52;117;86;51;18;15;105;153;;0;1;1;.063;;-32;-10;-43;-1
386;Cedi Osman;SF;24;CLE;65;1910;107;.552;.527;.154;22;113;67;116;14;7;123;166;;10;6;16;.040;;-17;-9;-26;-3
387;Kelly Oubre Jr.;SF;24;PHO;56;1933;149;.560;.372;.298;38;171;104;66;17;18;82;224;;17;21;38;.093;;-3;-3;-5;7
388;Tariq Owens;PF;24;PHO;3;15;84;.340;.400;.400;146;75;111;0;32;0;0;167;;0;0;0;.021;;-31;-27;-58;0
389;Jeremy Pargo;PG;33;GSW;3;44;126;.557;.318;.045;24;51;37;332;11;0;151;257;;0;0;0;.011;;-28;-30;-59;0
390;Jabari Parker;PF;24;TOT;38;917;180;.571;.277;.189;71;183;126;124;23;15;121;240;;8;8;16;.083;;6;-3;3;5
390;Jabari Parker;PF;24;ATL;32;837;172;.565;.293;.183;69;179;123;116;23;15;124;240;;5;7;12;.068;;3;-3;0;4
390;Jabari Parker;PF;24;SAC;6;80;265;.638;.111;.250;96;231;162;215;18;12;91;238;;3;1;4;.234;;35;-9;26;1
391;Chandler Parsons;PF;31;ATL;5;54;56;.389;.778;.000;20;121;70;75;35;16;143;161;;-1;0;-1;-0.065;;-47;-14;-61;-1
392;Eric Paschall;PF;23;GSW;60;1654;145;.571;.202;.331;52;131;90;127;9;7;114;214;;16;5;21;.062;;-7;-20;-27;-3
393;Anžejs Pasečņiks;C;24;WAS;27;437;113;.551;.026;.500;101;169;134;57;10;24;145;158;;3;2;5;.054;;-41;-15;-56;-4
394;Patrick Patterson;PF;30;LAC;59;776;115;.580;.738;.185;48;151;101;72;4;3;77;147;;11;8;19;.118;;8;-5;3;5
395;Justin Patton;C;22;OKC;5;24;47;.450;.400;.000;47;179;115;126;0;0;167;220;;-1;0;0;-0.063;;-68;-33;-101;0
396;Chris Paul;PG;34;OKC;70;2208;217;.610;.343;.315;13;157;87;340;24;4;138;233;;59;30;89;.193;;30;14;44;35
397;Cameron Payne;SG;25;PHO;8;183;157;.612;.426;.103;24;166;94;195;21;10;134;191;;3;2;5;.120;;5;10;15;2
398;Elfrid Payton;PG;25;NYK;45;1246;160;.470;.157;.195;43;141;91;386;27;13;167;195;;5;12;17;.065;;-4;4;0;6
399;Gary Payton II;SF;27;WAS;29;432;113;.473;.397;.069;63;142;101;148;36;14;143;134;;0;4;5;.051;;-32;16;-16;0
400;Norvel Pelle;C;26;PHI;24;232;105;.526;.021;.292;95;248;171;46;6;114;249;134;;-2;5;3;.069;;-78;26;-52;-2
401;Theo Pinson;SG;24;BRK;33;365;52;.370;.516;.103;29;122;77;217;22;9;169;223;;-10;4;-6;-0.078;;-68;-2;-70;-5
402;Mason Plumlee;C;29;DEN;61;1057;188;.613;.017;.538;104;232;168;209;15;33;187;180;;20;14;34;.153;;3;17;20;11
403;Jakob Poeltl;C;24;SAS;66;1171;191;.612;.000;.323;121;225;173;136;15;71;151;132;;24;16;40;.163;;5;20;25;13
404;Vincent Poirier;C;26;BOS;22;130;127;.525;.056;.194;108;244;177;85;7;64;170;154;;1;2;3;.113;;-48;10;-38;-1
405;Shamorie Ponds;PG;21;TOR;4;11;331;.765;.400;.400;0;94;48;324;0;89;0;228;;1;0;1;.450;;84;53;137;0
406;Jordan Poole;SG;20;GSW;57;1274;72;.454;.528;.237;7;96;50;158;13;7;118;211;;-16;4;-12;-0.047;;-44;-22;-66;-15
407;Kevin Porter Jr.;SF;19;CLE;50;1162;108;.535;.375;.240;21;135;77;139;19;10;167;205;;-3;6;3;.012;;-32;-6;-38;-5
408;Michael Porter Jr.;SF;21;DEN;55;903;198;.617;.384;.188;82;239;161;79;15;26;106;223;;18;11;29;.154;;24;-8;15;8
409;Otto Porter;SF;26;CHI;14;331;158;.550;.443;.193;41;123;80;119;22;17;68;210;;4;4;8;.112;;8;2;10;3
410;Bobby Portis;PF;24;NYK;66;1393;146;.530;.317;.158;60;204;129;111;11;12;104;214;;9;10;19;.064;;0;-11;-11;3
411;Kristaps Porziņģis;C;24;DAL;57;1814;202;.551;.432;.304;59;251;156;88;11;54;80;270;;26;26;52;.138;;18;1;19;18
412;Dwight Powell;C;28;DAL;40;1061;159;.677;.170;.485;75;148;112;77;15;18;115;126;;26;10;36;.162;;4;9;13;9
413;Norman Powell;SG;26;TOR;52;1479;168;.624;.457;.256;19;114;68;97;19;14;104;215;;23;23;46;.150;;12;8;20;15
414;Taurean Prince;PF;25;BRK;64;1857;91;.497;.583;.120;28;181;106;92;15;11;140;204;;-17;23;6;.014;;-28;-1;-29;-4
415;Chasson Randle;PG;26;GSW;3;40;67;.377;.500;1.500;0;56;27;157;24;0;0;71;;0;0;0;.045;;-60;2;-58;0
416;Julius Randle;PF;25;NYK;64;2080;175;.538;.230;.350;75;249;160;158;12;10;143;276;;9;18;27;.062;;7;-10;-3;9
417;Josh Reaves;SF;22;DAL;4;28;58;.405;.222;.222;38;74;56;142;0;0;0;151;;0;0;0;.031;;-59;-40;-99;-1
418;Cam Reddish;SF;20;ATL;58;1551;90;.500;.451;.227;24;127;75;80;19;15;136;189;;-12;8;-4;-0.011;;-33;-10;-42;-9
419;J.J. Redick;SG;35;NOP;60;1581;154;.644;.629;.293;7;95;51;108;6;5;95;204;;36;6;41;.125;;23;-17;7;11
420;Naz Reid;C;20;MIN;30;495;153;.505;.399;.218;70;199;132;112;18;37;76;240;;2;6;8;.074;;-16;-3;-19;0
421;Josh Richardson;SG;26;PHI;55;1693;120;.533;.385;.218;27;87;57;139;15;18;128;206;;5;17;21;.061;;-14;-4;-18;1
422;Austin Rivers;SG;27;HOU;68;1594;104;.542;.539;.222;18;98;58;100;14;5;83;156;;12;12;24;.072;;-21;-4;-25;-2
423;Andre Roberson;SF;28;OKC;7;87;54;.335;.483;.069;92;247;171;63;6;30;63;161;;-1;1;0;-0.017;;-52;-1;-53;-1
424;Duncan Robinson;SG;25;MIA;73;2166;131;.684;.882;.105;5;110;60;71;8;9;89;160;;37;16;53;.118;;15;-10;5;13
425;Glenn Robinson III;SF;26;TOT;62;1786;133;.577;.333;.145;48;119;82;84;15;8;80;164;;20;9;29;.078;;-5;-12;-17;1
425;Glenn Robinson III;SF;26;GSW;48;1516;131;.574;.335;.146;46;119;81;88;14;8;85;166;;15;6;21;.067;;-6;-12;-17;1
425;Glenn Robinson III;SF;26;PHI;14;270;147;.598;.318;.141;61;119;90;59;16;6;52;152;;5;3;8;.137;;0;-13;-14;0
426;Jerome Robinson;SG;22;TOT;63;979;74;.476;.494;.184;14;128;70;119;13;15;128;164;;-6;8;2;.009;;-38;-2;-39;-5
426;Jerome Robinson;SG;22;LAC;42;476;48;.423;.493;.140;11;117;65;126;13;15;153;150;;-6;6;0;-0.004;;-53;6;-47;-3
426;Jerome Robinson;SG;22;WAS;21;503;98;.516;.494;.218;17;138;75;113;14;16;108;177;;0;2;2;.022;;-22;-9;-32;-1
427;Justin Robinson;PG;22;WAS;9;49;82;.542;.417;.000;21;93;56;188;0;18;200;127;;0;0;0;.007;;-26;-31;-57;0
428;Mitchell Robinson;C;21;NYK;61;1412;235;.726;.000;.434;137;188;162;39;18;80;83;133;;48;20;68;.230;;16;14;29;18
429;Isaiah Roby;PF;21;OKC;3;11;-77;.000;.000;.000;0;195;100;0;0;0;500;80;;-1;0;0;-0.188;;-121;-34;-155;0
430;Rajon Rondo;PG;33;LAL;48;984;124;.494;.381;.125;26;131;79;329;19;2;208;187;;1;13;14;.068;;-12;-1;-13;2
431;Derrick Rose;PG;31;DET;50;1298;210;.555;.195;.185;23;83;53;405;15;10;134;316;;18;7;25;.092;;39;-17;22;14
432;Terrence Ross;SG;28;ORL;69;1889;140;.548;.596;.217;7;123;63;68;20;11;70;228;;11;20;30;.077;;-1;-3;-4;8
433;Terry Rozier;PG;25;CHO;63;2164;148;.553;.450;.202;24;118;70;204;14;4;121;237;;19;11;30;.066;;8;-12;-4;8
434;Ricky Rubio;PG;29;PHO;65;2016;165;.535;.312;.327;25;144;84;397;22;5;179;204;;29;20;49;.117;;7;2;10;15
435;D'Angelo Russell;PG;23;TOT;45;1452;187;.556;.509;.235;12;123;66;352;16;8;136;315;;11;7;18;.060;;38;-19;19;14
435;D'Angelo Russell;PG;23;GSW;33;1060;191;.558;.506;.227;14;114;62;360;14;8;126;322;;9;4;13;.058;;45;-19;26;12
435;D'Angelo Russell;PG;23;MIN;12;392;176;.553;.521;.261;8;145;74;331;20;8;164;295;;2;3;5;.064;;18;-17;1;2
436;Domantas Sabonis;PF;23;IND;62;2159;207;.586;.079;.349;97;293;196;217;11;12;148;233;;41;34;75;.168;;20;12;32;29
437;Luka Šamanić;PF;20;SAS;3;48;88;.450;.500;.250;22;202;112;163;0;37;101;178;;0;0;0;.011;;-24;-17;-41;0
438;JaKarr Sampson;PF;26;IND;34;471;126;.615;.113;.235;47;157;102;61;16;22;106;132;;6;7;12;.124;;-28;14;-14;1
439;Dario Šarić;PF;25;PHO;66;1632;142;.592;.437;.238;67;211;138;108;11;9;129;178;;21;15;36;.105;;-1;-3;-4;7
440;Tomáš Satoranský;SG;28;CHI;65;1878;135;.533;.361;.220;43;110;75;271;21;4;177;167;;18;17;35;.090;;-11;-2;-13;3
441;Admiral Schofield;PF;22;WAS;33;368;61;.502;.663;.163;20;124;70;53;10;9;66;119;;1;1;1;.017;;-43;-12;-55;-3
442;Dennis Schröder;SG;26;OKC;65;1999;167;.575;.337;.245;11;116;65;219;11;6;134;272;;19;18;36;.087;;11;-11;0;10
443;Mike Scott;PF;31;PHI;68;1207;112;.557;.620;.106;59;168;113;64;8;4;66;140;;14;11;25;.100;;-7;-11;-18;1
444;Thabo Sefolosha;PF;35;HOU;41;436;94;.487;.593;.088;50;175;112;75;25;24;137;104;;0;6;7;.072;;-29;16;-12;1
445;Collin Sexton;PG;21;CLE;65;2143;163;.560;.235;.246;31;75;53;151;15;3;116;272;;21;4;25;.057;;3;-21;-18;1
446;Landry Shamet;SG;22;LAC;53;1452;85;.580;.757;.194;4;66;36;91;7;6;90;134;;15;11;26;.086;;-18;-3;-21;0
447;Marial Shayok;SG;24;PHI;4;28;14;.400;.500;.333;39;237;138;48;0;30;179;258;;-1;0;-1;-0.130;;-93;-37;-130;-1
448;Iman Shumpert;SF;29;BRK;13;241;53;.403;.516;.109;39;105;73;67;24;7;130;134;;-3;3;0;-0.005;;-63;8;-55;-2
449;Pascal Siakam;PF;25;TOR;60;2110;179;.554;.331;.274;33;183;110;164;14;25;107;281;;18;36;54;.123;;13;5;18;20
450;Chris Silva;PF;23;MIA;44;346;173;.651;.038;.705;202;206;204;99;13;60;238;171;;7;5;13;.178;;-31;8;-23;0
451;Ben Simmons;PG;23;PHI;57;2017;204;.602;.011;.461;62;182;122;338;29;14;204;209;;38;31;69;.165;;13;23;36;28
452;Anfernee Simons;SG;20;POR;70;1449;90;.502;.422;.172;18;91;55;92;9;6;96;187;;0;1;2;.005;;-26;-19;-45;-9
453;Alen Smailagić;C;19;GSW;14;139;145;.610;.325;.475;75;137;105;143;10;26;185;182;;2;1;2;.081;;-14;-8;-22;0
454;Marcus Smart;SG;25;BOS;60;1919;138;.518;.579;.223;24;101;63;211;25;14;121;189;;17;28;45;.112;;0;14;14;16
455;Dennis Smith Jr.;PG;22;NYK;34;537;74;.399;.256;.251;41;117;77;264;25;14;198;231;;-14;5;-9;-0.079;;-52;-9;-61;-6
456;Ish Smith;PG;31;WAS;68;1787;139;.509;.245;.125;18;120;67;271;15;15;116;191;;13;6;19;.051;;-3;-10;-13;3
457;J.R. Smith;SG;34;LAL;6;79;0;.372;.500;.091;0;69;35;48;6;0;149;143;;-2;1;-1;-0.077;;-78;-20;-98;-2
458;Zhaire Smith;SF;20;PHI;7;32;11;.313;.273;.364;0;69;35;82;45;0;136;199;;-1;1;-1;-0.120;;-108;8;-100;-1
459;Tony Snell;SF;28;DET;59;1641;97;.598;.665;.084;6;71;38;109;10;8;73;114;;21;5;26;.076;;-12;-6;-18;1
460;Omari Spellman;C;22;GSW;49;886;144;.551;.373;.312;91;180;134;81;18;24;139;188;;5;7;12;.066;;-8;-10;-17;1
461;Max Strus;SF;23;CHI;2;6;307;.727;.333;.333;175;0;92;0;0;0;0;244;;0;0;0;.316;;53;-10;44;0
462;Edmond Sumner;SG;24;IND;31;447;101;.491;.373;.204;27;85;56;167;16;18;124;173;;-1;5;4;.047;;-32;2;-30;-1
463;Caleb Swanigan;PF-C;22;TOT;27;288;76;.597;.043;.362;99;264;183;139;5;22;404;135;;-2;2;0;.004;;-62;2;-60;-3
463;Caleb Swanigan;C;22;SAC;7;23;-1;.512;.000;.500;96;251;171;115;21;83;551;205;;-1;0;-1;-0.177;;-146;33;-113;-1
463;Caleb Swanigan;PF;22;POR;20;265;82;.605;.047;.349;100;265;183;141;4;16;385;129;;-1;2;1;.020;;-55;-1;-56;-2
464;Jayson Tatum;PF;21;BOS;66;2265;204;.567;.383;.255;31;185;109;145;20;23;102;286;;32;37;69;.146;;35;6;40;34
465;Jeff Teague;PG;31;TOT;59;1464;146;.557;.239;.403;19;86;52;307;14;11;168;195;;19;6;25;.082;;-2;-13;-15;2
465;Jeff Teague;PG;31;MIN;34;945;159;.578;.269;.444;16;85;49;325;12;11;164;202;;17;4;21;.108;;6;-12;-6;3
465;Jeff Teague;PG;31;ATL;25;519;122;.512;.182;.321;25;88;56;273;17;10;175;183;;2;2;4;.035;;-16;-15;-31;-2
466;Garrett Temple;SG;33;BRK;62;1730;105;.513;.658;.148;18;111;65;128;13;14;90;166;;7;17;24;.066;;-14;3;-11;4
467;Daniel Theis;C;27;BOS;65;1566;179;.631;.225;.268;97;193;146;101;11;50;102;144;;40;26;65;.201;;6;18;24;17
468;Isaiah Thomas;PG;30;WAS;40;925;116;.531;.444;.178;12;70;40;234;7;6;144;241;;1;-1;0;.002;;-5;-39;-43;-5
469;Khyri Thomas;SG;23;DET;8;61;31;.453;.824;.235;18;0;9;67;24;0;138;156;;-1;0;0;-0.038;;-62;-17;-79;-1
470;Lance Thomas;PF;31;BRK;7;98;30;.485;.565;.174;22;114;69;82;0;0;195;131;;-1;1;0;-0.015;;-57;-26;-83;-2
471;Matt Thomas;SG;25;TOR;41;440;133;.650;.660;.080;22;122;73;75;11;2;93;166;;7;6;12;.133;;10;1;11;3
472;Tristan Thompson;PF;28;CLE;57;1721;168;.540;.041;.286;145;229;186;105;9;25;140;183;;20;11;31;.085;;-3;-13;-15;2
473;Sindarius Thornwell;SF;25;NOP;2;35;147;.627;.364;.364;0;122;61;161;13;24;136;173;;0;0;1;.101;;-1;-12;-13;0
474;Matisse Thybulle;SG;22;PHI;65;1287;100;.539;.592;.155;38;54;46;80;35;31;153;112;;3;20;23;.086;;-28;31;3;8
475;Anthony Tolliver;PF;34;TOT;55;872;70;.513;.797;.159;41;143;93;60;10;11;149;111;;0;4;5;.026;;-27;-5;-32;-3
475;Anthony Tolliver;PF;34;POR;33;554;75;.515;.761;.162;52;155;104;66;7;14;143;112;;2;2;4;.031;;-23;-9;-33;-2
475;Anthony Tolliver;PF;34;SAC;9;82;2;.252;.882;.118;27;127;76;45;24;12;183;116;;-2;1;-2;-0.100;;-78;-10;-88;-1
475;Anthony Tolliver;PF;34;MEM;13;236;80;.602;.854;.167;23;123;74;53;14;4;149;107;;1;2;3;.061;;-17;6;-12;0
476;Juan Toscano-Anderson;SG;26;GSW;13;272;94;.529;.365;.079;35;178;104;138;23;17;197;127;;-1;2;2;.030;;-40;5;-35;-1
477;Karl-Anthony Towns;C;24;MIN;35;1187;265;.642;.445;.363;81;261;168;228;13;29;132;288;;37;13;51;.204;;70;8;78;29
478;Gary Trent Jr.;SF;21;POR;61;1332;129;.587;.608;.102;20;58;39;63;17;10;44;153;;22;3;25;.089;;5;-8;-3;6
479;Allonzo Trier;SG;24;NYK;24;291;145;.620;.500;.406;21;87;53;148;5;13;150;214;;5;1;5;.087;;9;-14;-5;1
480;P.J. Tucker;PF;34;HOU;72;2467;83;.559;.702;.113;47;156;101;60;14;12;139;87;;16;24;40;.078;;-24;6;-19;1
481;Rayjon Tucker;SG;22;UTA;20;161;97;.584;.395;.535;21;112;68;44;3;5;131;166;;1;1;2;.063;;-38;-22;-60;-2
482;Evan Turner;SG;31;ATL;19;251;68;.424;.075;.209;34;130;82;206;17;27;262;164;;-5;1;-3;-0.064;;-49;-7;-56;-2
483;Myles Turner;C;23;IND;62;1826;148;.566;.426;.288;52;191;122;54;12;64;114;179;;11;31;42;.111;;-10;11;1;10
484;Jarrod Uthoff;PF;26;TOT;7;53;88;.503;.500;.111;40;86;61;0;9;0;0;148;;0;0;0;.018;;-23;-22;-45;0
484;Jarrod Uthoff;PF;26;MEM;4;14;-1;.254;.571;.286;77;0;38;0;33;0;0;234;;-1;0;0;-0.166;;-111;-24;-135;0
484;Jarrod Uthoff;PF;26;WAS;3;39;120;.682;.455;.000;27;117;70;0;0;0;0;117;;1;0;1;.083;;8;-21;-12;0
485;Jonas Valančiūnas;C;27;MEM;70;1845;222;.631;.123;.271;124;322;225;109;8;36;133;215;;42;28;70;.182;;21;2;24;20
486;Denzel Valentine;SF;26;CHI;36;488;130;.511;.578;.034;19;155;84;142;26;12;98;233;;-1;6;5;.048;;-8;2;-6;2
487;Jarred Vanderbilt;PF;20;TOT;11;46;76;.676;.125;.250;73;145;109;59;32;20;441;149;;-1;1;0;-0.026;;-66;5;-60;-1
487;Jarred Vanderbilt;PF;20;DEN;9;41;72;.714;.000;.000;82;136;109;66;36;23;500;148;;-1;1;0;-0.042;;-70;9;-61;0
487;Jarred Vanderbilt;PF;20;MIN;2;5;111;.532;1.000;2.000;0;219;106;0;0;0;0;155;;0;0;0;.104;;-28;-28;-56;0
488;Fred VanVleet;SG;25;TOR;54;1928;163;.553;.484;.256;10;99;56;277;25;9;123;217;;28;31;58;.145;;12;14;27;23
489;Gabe Vincent;PG;23;MIA;9;83;12;.297;.730;.000;0;65;34;101;29;0;26;202;;-3;1;-2;-0.117;;-85;-19;-104;-2
490;Noah Vonleh;C;24;TOT;36;377;155;.622;.163;.348;101;253;174;107;14;13;165;139;;6;4;10;.127;;-12;3;-10;1
490;Noah Vonleh;C;24;MIN;29;347;153;.605;.163;.326;100;259;176;108;15;14;162;139;;5;4;9;.124;;-15;4;-10;1
490;Noah Vonleh;C;24;DEN;7;30;176;.838;.167;.667;112;186;149;95;0;0;205;141;;1;0;1;.166;;13;-19;-6;0
491;Nikola Vučević;C;29;ORL;62;1998;219;.549;.280;.162;73;297;181;195;13;21;74;258;;35;29;64;.153;;37;5;42;31
492;Dean Wade;PF;23;CLE;12;71;139;.744;.308;.077;46;253;149;40;14;48;182;99;;1;1;2;.105;;-17;5;-12;0
493;Moritz Wagner;C;22;WAS;45;835;151;.638;.301;.357;70;222;143;98;16;20;177;186;;11;6;17;.099;;-20;-3;-23;-1
494;Dion Waiters;SG;28;TOT;10;207;115;.521;.475;.172;11;115;64;144;9;27;131;252;;-1;2;1;.030;;-7;-6;-12;0
494;Dion Waiters;SG;28;MIA;3;42;134;.530;.654;.038;0;282;147;125;0;47;102;309;;-1;1;0;-0.003;;24;-5;18;0
494;Dion Waiters;SG;28;LAL;7;165;110;.518;.411;.219;13;72;43;149;12;22;140;238;;-1;2;1;.038;;-14;-6;-20;0
495;Kemba Walker;PG;29;BOS;56;1742;200;.575;.532;.272;22;110;67;242;13;15;105;272;;39;20;59;.162;;49;-3;46;29
496;Lonnie Walker;SG;21;SAS;61;988;105;.507;.283;.171;25;127;76;96;15;12;103;187;;-2;6;3;.016;;-25;-10;-35;-4
497;Tyrone Wallace;SG;25;ATL;14;160;39;.389;.341;.386;20;130;74;109;20;5;163;160;;-3;1;-2;-0.075;;-77;-10;-87;-3
498;Derrick Walton;PG;24;TOT;26;248;87;.617;.615;.231;9;58;34;139;14;0;104;81;;4;2;6;.111;;-22;13;-10;1
498;Derrick Walton;PG;24;LAC;23;222;84;.626;.583;.250;10;59;35;126;9;0;91;83;;4;2;5;.112;;-22;9;-13;0
498;Derrick Walton;PG;24;DET;3;26;113;.500;1.000;.000;0;44;22;248;57;0;250;67;;0;0;1;.105;;-29;47;18;0
499;Brad Wanamaker;PG;30;BOS;71;1369;128;.577;.282;.376;17;94;56;178;22;9;153;155;;18;18;35;.124;;-19;13;-6;5
500;T.J. Warren;SF;26;IND;67;2202;184;.610;.227;.205;34;105;70;71;17;14;72;233;;40;26;65;.143;;12;0;11;17
501;P.J. Washington;PF;21;CHO;58;1759;124;.547;.390;.231;35;166;98;113;15;23;125;186;;5;15;20;.054;;-17;1;-16;2
502;Yuta Watanabe;SF;25;MEM;18;105;112;.480;.235;.235;72;128;100;64;22;8;51;157;;0;1;1;.065;;-26;9;-18;0
503;Tremont Waters;PG;22;BOS;11;119;43;.381;.490;.163;0;107;54;183;41;16;222;242;;-5;2;-3;-0.103;;-85;10;-75;-2
504;Paul Watson;SF;25;TOT;10;87;126;.517;.462;.346;25;179;103;124;22;11;91;161;;0;1;2;.097;;-12;9;-4;0
504;Paul Watson;SF;25;ATL;2;17;-71;.000;.429;.000;0;128;63;211;27;0;0;171;;-1;0;-1;-0.320;;-123;-15;-139;-1
504;Paul Watson;SF;25;TOR;8;70;173;.675;.474;.474;31;192;113;103;20;14;116;159;;2;1;3;.198;;14;14;29;1
505;Quinndary Weatherspoon;SG;23;SAS;11;78;32;.336;.294;.118;14;83;48;175;18;11;219;127;;-2;0;-1;-0.071;;-64;-10;-74;-1
506;Russell Westbrook;PG;31;HOU;57;2049;210;.536;.166;.297;51;181;115;356;21;8;150;344;;17;25;42;.098;;16;-1;15;18
507;Coby White;PG;19;CHI;65;1674;119;.506;.475;.163;18;140;76;165;14;3;114;244;;-5;14;9;.026;;-12;-16;-28;-4
508;Derrick White;SG;25;SAS;68;1677;164;.593;.391;.382;23;121;72;200;13;31;121;189;;31;11;42;.119;;12;1;13;14
509;Hassan Whiteside;C;30;POR;67;2008;250;.644;.010;.340;136;333;236;59;6;84;129;196;;56;30;85;.204;;25;7;32;26
510;Andrew Wiggins;SF;24;TOT;54;1858;164;.536;.342;.274;36;123;78;181;11;24;107;274;;8;11;19;.050;;11;-14;-3;8
510;Andrew Wiggins;SF;24;MIN;42;1455;161;.535;.348;.262;34;129;79;181;9;21;108;280;;6;8;14;.046;;11;-15;-4;6
510;Andrew Wiggins;SF;24;GSW;12;403;175;.542;.314;.324;47;103;74;182;19;38;104;254;;2;3;5;.064;;9;-11;-2;2
511;Grant Williams;PF;21;BOS;69;1043;79;.505;.455;.256;61;121;91;85;14;32;176;116;;1;14;16;.071;;-41;14;-27;-2
512;Johnathan Williams;PF;24;WAS;15;180;140;.566;.059;.382;140;253;194;59;3;39;112;103;;3;1;4;.109;;-8;-14;-22;0
513;Kenrich Williams;PF;25;NOP;39;832;75;.429;.660;.177;65;173;119;84;15;21;122;89;;1;8;9;.050;;-34;9;-24;-1
514;Lou Williams;PG;33;LAC;65;1864;173;.546;.337;.362;18;92;56;301;11;6;144;284;;23;18;41;.105;;22;-14;8;13
515;Marvin Williams;PF;33;TOT;58;1129;112;.587;.584;.213;28;143;85;76;16;24;102;125;;11;13;24;.102;;-16;10;-6;4
515;Marvin Williams;PF;33;CHO;41;808;118;.593;.557;.238;20;132;74;78;16;25;97;140;;8;6;15;.087;;-16;4;-13;1
515;Marvin Williams;PF;33;MIL;17;321;98;.566;.684;.123;49;171;114;72;14;22;118;87;;3;6;9;.139;;-16;25;9;2
516;Robert Williams;C;22;BOS;29;388;231;.728;.000;.386;112;240;177;101;27;84;169;136;;11;10;20;.253;;8;43;51;7
517;Nigel Williams-Goss;PG;25;UTA;10;50;81;.415;.438;.125;46;85;66;164;29;17;151;174;;-1;1;0;.017;;-52;13;-39;0
518;Zion Williamson;PF;19;NOP;24;668;241;.616;.039;.494;101;137;119;133;11;11;119;305;;15;4;20;.141;;35;-14;21;7
519;D.J. Wilson;PF;23;MIL;37;363;82;.475;.553;.136;35;205;125;91;4;12;120;181;;-3;6;3;.046;;-41;1;-40;-2
520;Justise Winslow;SG;23;MIA;11;352;85;.440;.209;.209;53;175;116;187;10;14;146;206;;-4;4;0;-0.004;;-35;0;-35;-1
521;Christian Wood;PF;24;DET;62;1325;232;.659;.276;.476;88;248;167;76;13;34;120;230;;36;15;51;.183;;35;-3;31;17
522;Delon Wright;PG;27;DAL;73;1570;154;.554;.309;.243;47;138;94;210;26;12;138;144;;26;18;44;.134;;0;18;19;15
523;Justin Wright-Foreman;PG;22;UTA;4;45;88;.437;.500;.200;0;118;61;230;22;0;121;241;;-1;1;0;-0.008;;-70;-20;-90;-1
524;Thaddeus Young;PF;31;CHI;64;1591;133;.521;.369;.120;62;161;109;113;28;14;139;197;;-2;21;19;.058;;-14;2;-12;3
525;Trae Young;PG;21;ATL;60;2120;239;.595;.455;.448;16;115;65;456;14;3;162;349;;53;6;59;.133;;62;-23;39;31
526;Cody Zeller;C;27;CHO;58;1341;188;.576;.157;.374;126;212;167;113;15;17;119;208;;23;13;36;.129;;2;-8;-6;5
527;Tyler Zeller;C;30;SAS;2;4;224;.250;.000;.000;809;269;539;0;0;0;0;432;;0;0;0;-0.075;;-3;-221;-224;0
528;Ante Žižić;C;23;CLE;22;221;164;.597;.000;.264;90;244;166;42;15;19;111;175;;3;2;5;.106;;-17;-15;-32;-1
529;Ivica Zubac;C;22;LAC;72;1326;217;.651;.005;.431;159;264;213;91;6;44;118;164;;44;23;66;.241;;19;8;28;16
